path,relpath,ext,kind,size_bytes,size_mb,size_gb,sha256
data\_smoke\D2\images\images_000000.jpg,images\images_000000.jpg,.jpg,images,925223,0.8823614120483398,0.0008616810664534569,b20356b352cfddff1b2cd10f9698380555d1e01e9324c6f6a4cfff650032387e
data\_smoke\D2\images\images_000001.jpg,images\images_000001.jpg,.jpg,images,94207,0.0898427963256836,8.773710578680038e-05,93c23738045ebbca5f2a292968b4ea175f2d3aaa26dc2f732a5184ac5185e483
data\_smoke\D2\images\images_000002.jpg,images\images_000002.jpg,.jpg,images,269854,0.2573528289794922,0.00025132112205028534,366660fabbb6d8d11b9aab0f67139b8492e3e0cda5efed18056584f2b325b319
data\_smoke\D2\images\images_000003.jpg,images\images_000003.jpg,.jpg,images,602952,0.5750198364257812,0.000561542809009552,a60a3284ea5a8152d54689fcf72184eabbde198f6f37359a41174987ae79d638
data\_smoke\D2\images\images_000004.jpg,images\images_000004.jpg,.jpg,images,167994,0.16021156311035156,0.0001564566045999527,30f00b2add5d50acace7c7f491b4afd7899928c390ffd53535f5dbba879f2d8b
data\_smoke\D2\images\images_000005.jpg,images\images_000005.jpg,.jpg,images,751833,0.7170038223266602,0.0007001990452408791,94ff6beb1d87d1f9f44642526f6f2539a31cb7e24dfffb2ae5ba80c9a4654c2a
data\_smoke\D2\images\images_000006.jpg,images\images_000006.jpg,.jpg,images,1445199,1.378249168395996,0.001345946453511715,30e08e086d8c133cae03a9ebf9f5f6608e7c8413a587b611abfcaf62bff3b046
data\_smoke\D2\images\images_000007.jpg,images\images_000007.jpg,.jpg,images,171905,0.1639413833618164,0.00016009900718927383,cdcc057aff6ba056539efdf00f7c36ea0f17a80764a6f1ed9742451622d900be
data\_smoke\D2\images\images_000008.jpg,images\images_000008.jpg,.jpg,images,124166,0.11841392517089844,0.0001156385987997055,140d852010e0187018cc23011df1d51906a61d13de65aa2b11a73320db044b12
data\_smoke\D2\images\images_000009.jpg,images\images_000009.jpg,.jpg,images,436916,0.4166755676269531,0.0004069097340106964,4b7b8559987fca92f5835e4f03f68365028e9ef344be5126eb83ebbfe7768acd
data\_smoke\D2\images\images_000010.jpg,images\images_000010.jpg,.jpg,images,815640,0.7778549194335938,0.0007596239447593689,1671f9b0c7b257c00ce55a6a866abcc615904a36409810785ba83f3510f16ec8
data\_smoke\D2\images\images_000011.jpg,images\images_000011.jpg,.jpg,images,102321,0.0975809097290039,9.529385715723038e-05,5f9d2653056893b62dd296c9a7584c3b2e25587e6fdfc9385a11bb2bb5e0b15a
data\_smoke\D2\images\images_000012.jpg,images\images_000012.jpg,.jpg,images,672625,0.6414651870727539,0.0006264308467507362,e2894afddfb6c40d0b0a5d856f7c67fa50e46dbed30563eae8092df7dbfc6559
data\_smoke\D2\images\images_000013.jpg,images\images_000013.jpg,.jpg,images,180440,0.17208099365234375,0.00016804784536361694,69444b4e7eef1c216aa405d0cfba55f10d8d5789f396db8fd73656debd3cda17
data\_smoke\D2\images\images_000014.jpg,images\images_000014.jpg,.jpg,images,477424,0.4553070068359375,0.0004446357488632202,7ede0b10841619ed5ede20d344a97292c5d37729af360d3f5893fcac05f6cd18
data\_smoke\D2\images\images_000015.jpg,images\images_000015.jpg,.jpg,images,652881,0.6226358413696289,0.0006080428138375282,7dacdafa06601aa3842ae1e434c3dd6f10131380e0ea5803a7e41499022b9386
data\_smoke\D2\images\images_000016.jpg,images\images_000016.jpg,.jpg,images,81296,0.0775299072265625,7.571280002593994e-05,4ef56cfa6d53781de738be4c00f1d41e3457f097730e9cadbd661a0c2664cd04
data\_smoke\D2\images\images_000017.jpg,images\images_000017.jpg,.jpg,images,801149,0.7640352249145508,0.000746128149330616,0b7486384b0682eee89bf15b602c8490a0e89831d59922ca512d53adcc5d9fcb
data\_smoke\D2\images\images_000018.jpg,images\images_000018.jpg,.jpg,images,1011779,0.9649076461791992,0.0009422926232218742,12cc3faab9b868155eedfa1216b8a793082444b1e698d3a957980f4d04f7280e
data\_smoke\D2\images\images_000019.jpg,images\images_000019.jpg,.jpg,images,137365,0.13100147247314453,0.0001279311254620552,cd633c8c24b0e44c4d8d365d8250a93f4f447c1c91f1d6561e8a516cdf5eedeb
data\_smoke\D2\images\images_000020.jpg,images\images_000020.jpg,.jpg,images,271999,0.2593984603881836,0.00025331880897283554,7aaff8d0be6ec773576ef870b8ec7dd1ba0ecfc08ddb128676c3ed4432e9681a
data\_smoke\D2\images\images_000021.jpg,images\images_000021.jpg,.jpg,images,478789,0.45660877227783203,0.00044590700417757034,fcf4b000061457d2c077244245e4d00e9f2ba6e14c23b4a9b7c63ef09f818485
data\_smoke\D2\images\images_000022.jpg,images\images_000022.jpg,.jpg,images,632078,0.6027965545654297,0.0005886685103178024,47114711af9bc88e67a46d0e2dc5e1d1fa4d44c3c1d3c8217f38d51900b5b8b4
data\_smoke\D2\images\images_000023.jpg,images\images_000023.jpg,.jpg,images,815717,0.777928352355957,0.0007596956565976143,683d187c1f8befe4520845ab0bae19ff77ef52d1ef012c45636124f46c48bb5c
data\_smoke\D2\images\images_000024.jpg,images\images_000024.jpg,.jpg,images,238310,0.22727012634277344,0.00022194348275661469,9c2cc464cc33817025e634fc5b52648d9ef3988840eb29501d3a97e9d091ac77
data\_smoke\D2\images\images_000025.jpg,images\images_000025.jpg,.jpg,images,976464,0.9312286376953125,0.0009094029664993286,f04ef865504217320dc8026bebc27f10dea7184993b1e75011e6bd50ab892319
data\_smoke\D2\logs\logs_000000.log,logs\logs_000000.log,.log,text,9663783,9.21610164642334,0.009000099264085293,cc49a933bbe005cab2b5f79871a2db89d32451e31a92260d2b0f39c2e66abd5b
data\_smoke\D2\network\network_000000.pcap,network\network_000000.pcap,.pcap,binaries,6442450,6.143999099731445,0.0059999991208314896,c1054d43e36351b29b9fc5a8606eeafe1f5953e4ccdfeedbb6326e118c58f0b0
data\_smoke\D2\tabular\tabular_000000.csv,tabular\tabular_000000.csv,.csv,csv,3221256,3.0720291137695312,0.003000028431415558,be5ba830f02e54e651e146d4f37b28f8f304eff57503d68f726e996a358e8778
