path,pipeline,size_mb,t_comp_ms,t_aes_ms,t_kem_ms,t_total_ms
data\user_data\D1\Breaking_Mindset_Barriers.mp4,A,16.0,89.41519999643788,15.989599982276559,27.566000004298985,132.97079998301342
data\user_data\D1\Breaking_Mindset_Barriers.mp4,B,16.0,0.0,16.693999990820885,26.007500011473894,42.70150000229478
data\user_data\D1\Breaking_Mindset_Barriers.mp4,C,16.0,0.0,17.17599999392405,0.0,17.17599999392405
data\user_data\D1\Breaking_Mindset_Barriers.mp4,D,16.0,708.9706000406295,15.102999983355403,25.3740000189282,749.4476000429131
data\user_data\D1\IMG_20240505_184443_536.jpg,A,6.8355817794799805,28.03809999022633,8.732900023460388,32.67099999357015,69.44200000725687
data\user_data\D1\IMG_20240505_184443_536.jpg,B,6.8355817794799805,0.0,7.4071999988518655,28.13539997441694,35.54259997326881
data\user_data\D1\IMG_20240505_184443_536.jpg,C,6.8355817794799805,0.0,7.840299978852272,0.0,7.840299978852272
data\user_data\D1\IMG_20240505_184443_536.jpg,D,6.8355817794799805,303.010199975688,7.765299989841878,26.064799982123077,336.84029994765297
data\user_data\D1\IMG_20240505_184514_417.jpg,A,6.681689262390137,27.413600008003414,6.5528000122867525,26.609200052917004,60.57560007320717
data\user_data\D1\IMG_20240505_184514_417.jpg,B,6.681689262390137,0.0,6.716800038702786,26.06140001444146,32.778200053144246
data\user_data\D1\IMG_20240505_184514_417.jpg,C,6.681689262390137,0.0,7.016099989414215,0.0,7.016099989414215
data\user_data\D1\IMG_20240505_184514_417.jpg,D,6.681689262390137,295.4989999998361,6.428799999412149,24.242999963462353,326.1707999627106
data\user_data\D1\IMG_20240505_184517_524.jpg,A,6.62376594543457,24.650599982123822,6.739599979482591,26.355599984526634,57.74579994613305
data\user_data\D1\IMG_20240505_184517_524.jpg,B,6.62376594543457,0.0,6.9352000136859715,25.07299999706447,32.00820001075044
data\user_data\D1\IMG_20240505_184517_524.jpg,C,6.62376594543457,0.0,6.732699985150248,0.0,6.732699985150248
data\user_data\D1\IMG_20240505_184517_524.jpg,D,6.62376594543457,287.6881000120193,6.3801000360399485,24.975599953904748,319.043800001964
data\user_data\D1\IMG_20240505_184520_085.jpg,A,6.8107757568359375,25.088399997912347,6.864599999971688,25.115699972957373,57.06869997084141
data\user_data\D1\IMG_20240505_184520_085.jpg,B,6.8107757568359375,0.0,8.174999966286123,30.244299967307597,38.41929993359372
data\user_data\D1\IMG_20240505_184520_085.jpg,C,6.8107757568359375,0.0,7.639400020707399,0.0,7.639400020707399
data\user_data\D1\IMG_20240505_184520_085.jpg,D,6.8107757568359375,313.65799997001886,7.473799982108176,25.752199988346547,346.8839999404736
data\user_data\D1\IMG_20240505_185009_663.jpg,A,6.127076148986816,27.1667999913916,6.942999956663698,27.300600020680577,61.410399968735874
data\user_data\D1\IMG_20240505_185009_663.jpg,B,6.127076148986816,0.0,6.879799999296665,31.534200010355562,38.41400000965223
data\user_data\D1\IMG_20240505_185009_663.jpg,C,6.127076148986816,0.0,6.829199963249266,0.0,6.829199963249266
data\user_data\D1\IMG_20240505_185009_663.jpg,D,6.127076148986816,311.6044999915175,8.014400023967028,30.552499985788018,350.17140000127256
data\user_data\D1\IMG_20240505_185010_443.jpg,A,6.577130317687988,32.87049999926239,8.877600019332021,32.90319995721802,74.65129997581244
data\user_data\D1\IMG_20240505_185010_443.jpg,B,6.577130317687988,0.0,8.487300015985966,33.20159995928407,41.68889997527003
data\user_data\D1\IMG_20240505_185010_443.jpg,C,6.577130317687988,0.0,9.039700031280518,0.0,9.039700031280518
data\user_data\D1\IMG_20240505_185010_443.jpg,D,6.577130317687988,395.1175999827683,8.622399996966124,36.864299967419356,440.6042999471538
data\user_data\D1\PXL_20251202_133232266.MP.jpg,A,6.188117980957031,28.088800027035177,8.23340000351891,34.53800000716001,70.8602000377141
data\user_data\D1\PXL_20251202_133232266.MP.jpg,B,6.188117980957031,0.0,8.568899997044355,33.941400004550815,42.51030000159517
data\user_data\D1\PXL_20251202_133232266.MP.jpg,C,6.188117980957031,0.0,8.752399997320026,0.0,8.752399997320026
data\user_data\D1\PXL_20251202_133232266.MP.jpg,D,6.188117980957031,324.06129996525124,7.977399975061417,32.436200010124594,364.47489995043725
data\user_data\D1\PXL_20251202_203139659.TS-000.MP.jpg,A,6.016999244689941,21.487399993930012,7.674399996176362,31.91060002427548,61.072400014381856
data\user_data\D1\PXL_20251202_203139659.TS-000.MP.jpg,B,6.016999244689941,0.0,9.056699986103922,34.150299965403974,43.206999951507896
data\user_data\D1\PXL_20251202_203139659.TS-000.MP.jpg,C,6.016999244689941,0.0,7.892100024037063,0.0,7.892100024037063
data\user_data\D1\PXL_20251202_203139659.TS-000.MP.jpg,D,6.016999244689941,301.34629999520257,7.860499958042055,32.48880000319332,341.69559995643795
data\user_data\D1\PXL_20251205_175227735.MP.jpg,A,6.558318138122559,27.353000012226403,9.198200015816838,36.53380001196638,73.08500004000962
data\user_data\D1\PXL_20251205_175227735.MP.jpg,B,6.558318138122559,0.0,8.50440002977848,33.33370003383607,41.83810006361455
data\user_data\D1\PXL_20251205_175227735.MP.jpg,C,6.558318138122559,0.0,9.421400027349591,0.0,9.421400027349591
data\user_data\D1\PXL_20251205_175227735.MP.jpg,D,6.558318138122559,341.98569995351136,9.228700015228242,41.69049998745322,392.9048999561928
data\user_data\D1\PXL_20251209_113357421.MP.jpg,A,6.498793601989746,23.730100016109645,8.72059998800978,37.28009999031201,69.73079999443144
data\user_data\D1\PXL_20251209_113357421.MP.jpg,B,6.498793601989746,0.0,8.820499991998076,34.86620000330731,43.68669999530539
data\user_data\D1\PXL_20251209_113357421.MP.jpg,C,6.498793601989746,0.0,8.906800008844584,0.0,8.906800008844584
data\user_data\D1\PXL_20251209_113357421.MP.jpg,D,6.498793601989746,333.81840004585683,9.038800024427474,34.31700001237914,377.17420008266345
data\user_data\D1\PXL_20251215_080505281.MP.jpg,A,6.015619277954102,24.79160000802949,7.671099971048534,33.62490003928542,66.08760001836345
data\user_data\D1\PXL_20251215_080505281.MP.jpg,B,6.015619277954102,0.0,7.8174000373110175,39.22369994688779,47.04109998419881
data\user_data\D1\PXL_20251215_080505281.MP.jpg,C,6.015619277954102,0.0,8.993100025691092,0.0,8.993100025691092
data\user_data\D1\PXL_20251215_080505281.MP.jpg,D,6.015619277954102,325.0495999818668,8.001899986993521,33.136899990495294,366.1883999593556
data\user_data\D1\PXL_20251221_124325528.MP.jpg,A,6.176543235778809,25.217400048859417,7.777499966323376,34.64590001385659,67.64080002903938
data\user_data\D1\PXL_20251221_124325528.MP.jpg,B,6.176543235778809,0.0,9.467899973969907,33.49360002903268,42.961500003002584
data\user_data\D1\PXL_20251221_124325528.MP.jpg,C,6.176543235778809,0.0,8.185499988030642,0.0,8.185499988030642
data\user_data\D1\PXL_20251221_124325528.MP.jpg,D,6.176543235778809,309.73510001786053,8.122500032186508,32.352899957913905,350.21050000796095
data\user_data\D1\PXL_20251221_192530116.mp4,A,6.287561416625977,22.699300025124103,9.117100038565695,33.07669999776408,64.89310006145388
data\user_data\D1\PXL_20251221_192530116.mp4,B,6.287561416625977,0.0,8.23930004844442,35.19369999412447,43.43300004256889
data\user_data\D1\PXL_20251221_192530116.mp4,C,6.287561416625977,0.0,8.296900021377951,0.0,8.296900021377951
data\user_data\D1\PXL_20251221_192530116.mp4,D,6.287561416625977,306.22450000373647,8.958800055552274,33.73470000224188,348.9180000615306
data\user_data\D1\PXL_20251225_090206837.MP.jpg,A,6.6897783279418945,22.211299976333976,8.658799983095378,34.91400001803413,65.78409997746348
data\user_data\D1\PXL_20251225_090206837.MP.jpg,B,6.6897783279418945,0.0,8.847900026012212,35.335499967914075,44.18339999392629
data\user_data\D1\PXL_20251225_090206837.MP.jpg,C,6.6897783279418945,0.0,8.843899995554239,0.0,8.843899995554239
data\user_data\D1\PXL_20251225_090206837.MP.jpg,D,6.6897783279418945,345.8814999903552,9.488600015174598,35.51739995600656,390.8874999615364
data\user_data\D1\PXL_20251225_090219896.MP.jpg,A,6.364558219909668,22.159799991641194,8.557000022847205,37.35150001011789,68.06830002460629
data\user_data\D1\PXL_20251225_090219896.MP.jpg,B,6.364558219909668,0.0,8.860800007823855,42.32979996595532,51.19059997377917
data\user_data\D1\PXL_20251225_090219896.MP.jpg,C,6.364558219909668,0.0,8.769799955189228,0.0,8.769799955189228
data\user_data\D1\PXL_20251225_090219896.MP.jpg,D,6.364558219909668,333.4414000273682,9.502300003077835,35.26090004015714,378.2046000706032
data\user_data\D1\PXL_20251225_090327132.MP.jpg,A,6.264394760131836,21.719700016546994,8.228599966969341,34.18790001887828,64.13620000239462
data\user_data\D1\PXL_20251225_090327132.MP.jpg,B,6.264394760131836,0.0,8.418900019023567,37.8641999559477,46.283099974971265
data\user_data\D1\PXL_20251225_090327132.MP.jpg,C,6.264394760131836,0.0,8.662199950776994,0.0,8.662199950776994
data\user_data\D1\PXL_20251225_090327132.MP.jpg,D,6.264394760131836,311.82890001218766,8.6066999938339,32.46920002857223,352.9048000345938
data\user_data\D1\PXL_20251225_201550669.TS-000.MP.jpg,A,6.23698616027832,24.075599969364703,8.129300025757402,35.147299990057945,67.35219998518005
data\user_data\D1\PXL_20251225_201550669.TS-000.MP.jpg,B,6.23698616027832,0.0,8.88949999352917,33.49270002217963,42.382200015708804
data\user_data\D1\PXL_20251225_201550669.TS-000.MP.jpg,C,6.23698616027832,0.0,8.354000048711896,0.0,8.354000048711896
data\user_data\D1\PXL_20251225_201550669.TS-000.MP.jpg,D,6.23698616027832,308.82400000700727,7.9073000233620405,46.33659997489303,363.06790000526235
data\user_data\D1\PXL_20251226_065017813.MP.jpg,A,6.1597700119018555,23.633700038772076,7.915200025308877,32.78589999536052,64.33480005944148
data\user_data\D1\PXL_20251226_065017813.MP.jpg,B,6.1597700119018555,0.0,8.564899966586381,31.72559995437041,40.29049992095679
data\user_data\D1\PXL_20251226_065017813.MP.jpg,C,6.1597700119018555,0.0,8.146799984388053,0.0,8.146799984388053
data\user_data\D1\PXL_20251226_065017813.MP.jpg,D,6.1597700119018555,312.92180001037195,7.920200005173683,40.4215999878943,361.26360000343993
data\user_data\D1\PXL_20251226_065523407.TS-000.MP.jpg,A,6.092905044555664,29.96699995128438,8.103100000880659,33.47570000914857,71.5457999613136
data\user_data\D1\PXL_20251226_065523407.TS-000.MP.jpg,B,6.092905044555664,0.0,8.54890001937747,40.44830001657829,48.99720003595576
data\user_data\D1\PXL_20251226_065523407.TS-000.MP.jpg,C,6.092905044555664,0.0,8.268600038718432,0.0,8.268600038718432
data\user_data\D1\PXL_20251226_065523407.TS-000.MP.jpg,D,6.092905044555664,309.6112000057474,7.561399950645864,33.20550004718825,350.3781000035815
data\user_data\D1\PXL_20251226_065644794.MP.jpg,A,6.229752540588379,23.830699967220426,8.166199957486242,32.73460001219064,64.73149993689731
data\user_data\D1\PXL_20251226_065644794.MP.jpg,B,6.229752540588379,0.0,8.022000023629516,32.30330004589632,40.32530006952584
data\user_data\D1\PXL_20251226_065644794.MP.jpg,C,6.229752540588379,0.0,8.425100008025765,0.0,8.425100008025765
data\user_data\D1\PXL_20251226_065644794.MP.jpg,D,6.229752540588379,313.2664999575354,8.02140001906082,36.79909999482334,358.0869999714196
data\user_data\D1\PXL_20251226_070459627.MP.jpg,A,6.312774658203125,22.866200015414506,8.296000014524907,32.400600030086935,63.56280006002635
data\user_data\D1\PXL_20251226_070459627.MP.jpg,B,6.312774658203125,0.0,8.210500003769994,32.507100026123226,40.71760002989322
data\user_data\D1\PXL_20251226_070459627.MP.jpg,C,6.312774658203125,0.0,8.449400018434972,0.0,8.449400018434972
data\user_data\D1\PXL_20251226_070459627.MP.jpg,D,6.312774658203125,317.48679996235296,7.911299995612353,33.46539998892695,358.86349994689226
data\user_data\D1\PXL_20251226_070701079.MP.jpg,A,6.150442123413086,26.49099996779114,8.28519999049604,32.13629999663681,66.91249995492399
data\user_data\D1\PXL_20251226_070701079.MP.jpg,B,6.150442123413086,0.0,7.7467000228352845,33.3468999597244,41.09359998255968
data\user_data\D1\PXL_20251226_070701079.MP.jpg,C,6.150442123413086,0.0,8.524800010491163,0.0,8.524800010491163
data\user_data\D1\PXL_20251226_070701079.MP.jpg,D,6.150442123413086,307.6094000134617,8.340100001078099,31.935099977999926,347.88459999253973
data\user_data\D1\PXL_20251227_164939125.MP.jpg,A,6.209925651550293,24.37079994706437,8.23189999209717,31.904199975542724,64.50689991470426
data\user_data\D1\PXL_20251227_164939125.MP.jpg,B,6.209925651550293,0.0,8.068400027696043,32.12430002167821,40.19270004937425
data\user_data\D1\PXL_20251227_164939125.MP.jpg,C,6.209925651550293,0.0,8.25399998575449,0.0,8.25399998575449
data\user_data\D1\PXL_20251227_164939125.MP.jpg,D,6.209925651550293,318.78600001800805,8.033899997826666,35.02380003919825,361.84370005503297
data\user_data\D1\PXL_20251227_165051684.TS-000.MP.jpg,A,6.1177873611450195,27.84659998724237,8.299700042698532,34.55680003389716,70.70310006383806
data\user_data\D1\PXL_20251227_165051684.TS-000.MP.jpg,B,6.1177873611450195,0.0,8.487100014463067,37.09800000069663,45.585100015159696
data\user_data\D1\PXL_20251227_165051684.TS-000.MP.jpg,C,6.1177873611450195,0.0,8.304699964355677,0.0,8.304699964355677
data\user_data\D1\PXL_20251227_165051684.TS-000.MP.jpg,D,6.1177873611450195,311.9134000153281,7.857999997213483,40.98990000784397,360.76130002038553
data\user_data\D1\PXL_20260104_142132729.mp4,A,8.054511070251465,24.99780000653118,10.423199972137809,32.90829999605194,68.32929997472093
data\user_data\D1\PXL_20260104_142132729.mp4,B,8.054511070251465,0.0,10.439599980600178,35.60560004552826,46.04520002612844
data\user_data\D1\PXL_20260104_142132729.mp4,C,8.054511070251465,0.0,11.833299999125302,0.0,11.833299999125302
data\user_data\D1\PXL_20260104_142132729.mp4,D,8.054511070251465,394.205900025554,10.57129999389872,34.65180000057444,439.42900002002716
data\user_data\D1\PXL_20260110_101310876.MP.jpg,A,6.138520240783691,24.8639999772422,7.826499990187585,34.84729997580871,67.5377999432385
data\user_data\D1\PXL_20260110_101310876.MP.jpg,B,6.138520240783691,0.0,11.301500024273992,55.673499999102205,66.9750000233762
data\user_data\D1\PXL_20260110_101310876.MP.jpg,C,6.138520240783691,0.0,15.221300011035055,0.0,15.221300011035055
data\user_data\D1\PXL_20260110_101310876.MP.jpg,D,6.138520240783691,342.9147000424564,7.985100033693016,34.50609999708831,385.4059000732377
data\user_data\D1\PXL_20260116_161545226.MP.jpg,A,6.674646377563477,25.93569998862222,8.718800032511353,37.40660002222285,72.06110004335642
data\user_data\D1\PXL_20260116_161545226.MP.jpg,B,6.674646377563477,0.0,9.011899994220585,34.316300007048994,43.32820000126958
data\user_data\D1\PXL_20260116_161545226.MP.jpg,C,6.674646377563477,0.0,9.050399996340275,0.0,9.050399996340275
data\user_data\D1\PXL_20260116_161545226.MP.jpg,D,6.674646377563477,351.2652000063099,8.685499953571707,36.43370000645518,396.3843999663368
data\user_data\D1\PXL_20260116_161547655.MP.jpg,A,6.463465690612793,26.01119998143986,9.021100006066263,32.926300016697496,67.95860000420362
data\user_data\D1\PXL_20260116_161547655.MP.jpg,B,6.463465690612793,0.0,8.308700053021312,33.540000033099204,41.848700086120516
data\user_data\D1\PXL_20260116_161547655.MP.jpg,C,6.463465690612793,0.0,9.321200021076947,0.0,9.321200021076947
data\user_data\D1\PXL_20260116_161547655.MP.jpg,D,6.463465690612793,331.3386000227183,8.383599983062595,37.62100002495572,377.3432000307366
data\user_data\D1\PXL_20260122_172242999.MP.jpg,A,6.0613861083984375,26.086400030180812,7.922599965240806,35.683900001458824,69.69289999688044
data\user_data\D1\PXL_20260122_172242999.MP.jpg,B,6.0613861083984375,0.0,8.327700023073703,35.95669998321682,44.284400006290525
data\user_data\D1\PXL_20260122_172242999.MP.jpg,C,6.0613861083984375,0.0,8.205399964936078,0.0,8.205399964936078
data\user_data\D1\PXL_20260122_172242999.MP.jpg,D,6.0613861083984375,308.2509000087157,8.107499976176769,36.65879997424781,353.01719995914027
data\user_data\D1\PXL_20260124_115240398.MP.jpg,A,6.709484100341797,27.420600003097206,8.369199989829212,31.133199983742088,66.9229999766685
data\user_data\D1\PXL_20260124_115240398.MP.jpg,B,6.709484100341797,0.0,8.431499998550862,32.8826000331901,41.31410003174096
data\user_data\D1\PXL_20260124_115240398.MP.jpg,C,6.709484100341797,0.0,8.52229999145493,0.0,8.52229999145493
data\user_data\D1\PXL_20260124_115240398.MP.jpg,D,6.709484100341797,333.92159995855764,8.538800000678748,33.1673999899067,375.6277999491431
data\user_data\D1\PXL_20260125_130004906.MP.jpg,A,6.422316551208496,26.458900014404207,8.124399988446385,32.40080003160983,66.98410003446043
data\user_data\D1\PXL_20260125_130004906.MP.jpg,B,6.422316551208496,0.0,8.484699996188283,34.522000001743436,43.00669999793172
data\user_data\D1\PXL_20260125_130004906.MP.jpg,C,6.422316551208496,0.0,8.426099957432598,0.0,8.426099957432598
data\user_data\D1\PXL_20260125_130004906.MP.jpg,D,6.422316551208496,332.77059998363256,9.06740000937134,66.93129998166114,408.76929997466505
data\user_data\D1\PXL_20260125_130006865.MP.jpg,A,6.171470642089844,33.38679997250438,8.94299999345094,36.91219998290762,79.24199994886294
data\user_data\D1\PXL_20260125_130006865.MP.jpg,B,6.171470642089844,0.0,8.754200011026114,53.308799979276955,62.06299999030307
data\user_data\D1\PXL_20260125_130006865.MP.jpg,C,6.171470642089844,0.0,9.510800009593368,0.0,9.510800009593368
data\user_data\D1\PXL_20260125_130006865.MP.jpg,D,6.171470642089844,342.50329999485984,8.637199993245304,35.29430000344291,386.43479999154806
data\user_data\D1\PXL_20260127_165207636.MP.jpg,A,6.2840423583984375,25.857699976768345,9.34750004671514,34.1599999810569,69.36520000454038
data\user_data\D1\PXL_20260127_165207636.MP.jpg,B,6.2840423583984375,0.0,8.567300043068826,39.71550002461299,48.28280006768182
data\user_data\D1\PXL_20260127_165207636.MP.jpg,C,6.2840423583984375,0.0,8.906500006560236,0.0,8.906500006560236
data\user_data\D1\PXL_20260127_165207636.MP.jpg,D,6.2840423583984375,330.55179996881634,7.87329999729991,33.42659998452291,371.85169995063916
data\user_data\D1\PXL_20260129_110336318.MP.jpg,A,6.908943176269531,24.78279999922961,9.463800000958145,34.32249999605119,68.56909999623895
data\user_data\D1\PXL_20260129_110336318.MP.jpg,B,6.908943176269531,0.0,9.478599997237325,36.19840001920238,45.677000016439706
data\user_data\D1\PXL_20260129_110336318.MP.jpg,C,6.908943176269531,0.0,9.026600047945976,0.0,9.026600047945976
data\user_data\D1\PXL_20260129_110336318.MP.jpg,D,6.908943176269531,355.3006000001915,9.271700051613152,38.17470005014911,402.74700010195374
data\user_data\D1\PXL_20260129_153525007.TS-000.MP.jpg,A,6.4588422775268555,26.51170000899583,9.413000021595508,38.11589995166287,74.04059998225421
data\user_data\D1\PXL_20260129_153525007.TS-000.MP.jpg,B,6.4588422775268555,0.0,8.792200009338558,38.76470000250265,47.55690001184121
data\user_data\D1\PXL_20260129_153525007.TS-000.MP.jpg,C,6.4588422775268555,0.0,9.628499974496663,0.0,9.628499974496663
data\user_data\D1\PXL_20260129_153525007.TS-000.MP.jpg,D,6.4588422775268555,346.1729999980889,8.184099977370352,35.24019999895245,389.5972999744117
data\user_data\D1\PXL_20260129_155503127.TS-000.MP.jpg,A,6.041681289672852,20.897400041576475,8.06879997253418,44.608800031710416,73.57500004582107
data\user_data\D1\PXL_20260129_155503127.TS-000.MP.jpg,B,6.041681289672852,0.0,8.08359996881336,36.89749998738989,44.98109995620325
data\user_data\D1\PXL_20260129_155503127.TS-000.MP.jpg,C,6.041681289672852,0.0,8.224799996241927,0.0,8.224799996241927
data\user_data\D1\PXL_20260129_155503127.TS-000.MP.jpg,D,6.041681289672852,318.5535999946296,7.8440000070258975,35.22630000952631,361.62390001118183
data\user_data\D1\PXL_20260129_155506941.MP.jpg,A,6.182991027832031,23.115199990570545,8.33849998889491,37.73499996168539,69.18869994115084
data\user_data\D1\PXL_20260129_155506941.MP.jpg,B,6.182991027832031,0.0,9.108300029765815,37.42129995953292,46.52959998929873
data\user_data\D1\PXL_20260129_155506941.MP.jpg,C,6.182991027832031,0.0,8.727700042072684,0.0,8.727700042072684
data\user_data\D1\PXL_20260129_155506941.MP.jpg,D,6.182991027832031,368.01289999857545,10.016699961852282,45.807700022123754,423.8372999825515
data\user_data\D1\PXL_20260129_155521565.MP.jpg,A,6.308686256408691,30.074000009335577,9.888700034935027,54.64109999593347,94.60380004020408
data\user_data\D1\PXL_20260129_155521565.MP.jpg,B,6.308686256408691,0.0,9.371399995870888,40.148999949451536,49.520399945322424
data\user_data\D1\PXL_20260129_155521565.MP.jpg,C,6.308686256408691,0.0,9.641500015277416,0.0,9.641500015277416
data\user_data\D1\PXL_20260129_155521565.MP.jpg,D,6.308686256408691,353.3891000552103,8.612799982074648,34.444899996742606,396.44680003402755
data\user_data\D1\PXL_20260129_155547683.MP.jpg,A,6.784265518188477,25.898899999447167,9.027799998875707,35.068900033365935,69.99560003168881
data\user_data\D1\PXL_20260129_155547683.MP.jpg,B,6.784265518188477,0.0,8.925999980419874,33.304099983070046,42.23009996348992
data\user_data\D1\PXL_20260129_155547683.MP.jpg,C,6.784265518188477,0.0,9.52359999064356,0.0,9.52359999064356
data\user_data\D1\PXL_20260129_155547683.MP.jpg,D,6.784265518188477,344.89349997602403,8.44800000777468,38.27110002748668,391.6126000112854
data\user_data\D1\PXL_20260129_155609801.MP.jpg,A,7.340640068054199,27.924699999857694,9.213300014380366,35.142900014761835,72.2809000289999
data\user_data\D1\PXL_20260129_155609801.MP.jpg,B,7.340640068054199,0.0,9.913699992466718,41.18010000092909,51.093799993395805
data\user_data\D1\PXL_20260129_155609801.MP.jpg,C,7.340640068054199,0.0,10.101799969561398,0.0,10.101799969561398
data\user_data\D1\PXL_20260129_155609801.MP.jpg,D,7.340640068054199,379.0688999579288,9.641700016800314,32.56429999601096,421.2748999707401
data\user_data\D1\PXL_20260129_155616416.TS-000.MP.jpg,A,6.195025444030762,24.869800021406263,8.311600016895682,31.35080001084134,64.53220004914328
data\user_data\D1\PXL_20260129_155616416.TS-000.MP.jpg,B,6.195025444030762,0.0,8.287100004963577,32.90520003065467,41.192300035618246
data\user_data\D1\PXL_20260129_155616416.TS-000.MP.jpg,C,6.195025444030762,0.0,8.142500009853393,0.0,8.142500009853393
data\user_data\D1\PXL_20260129_155616416.TS-000.MP.jpg,D,6.195025444030762,319.7352000279352,8.195400005206466,33.26240001479164,361.1930000479333
data\user_data\D1\PXL_20260129_160048311.TS-000.MP.jpg,A,6.483567237854004,24.36790004139766,8.381899970117956,32.9321000026539,65.68190001416951
data\user_data\D1\PXL_20260129_160048311.TS-000.MP.jpg,B,6.483567237854004,0.0,8.861199952661991,33.69660000316799,42.55779995582998
data\user_data\D1\PXL_20260129_160048311.TS-000.MP.jpg,C,6.483567237854004,0.0,8.81420000223443,0.0,8.81420000223443
data\user_data\D1\PXL_20260129_160048311.TS-000.MP.jpg,D,6.483567237854004,324.92659997660667,8.387900015804917,32.554399978835136,365.8688999712467
data\user_data\D1\PXL_20260129_160249636.TS-000.MP.jpg,A,6.272109031677246,23.55909999459982,8.199399977456778,33.313099993392825,65.07159996544942
data\user_data\D1\PXL_20260129_160249636.TS-000.MP.jpg,B,6.272109031677246,0.0,8.56530002783984,32.6340000028722,41.19930003071204
data\user_data\D1\PXL_20260129_160249636.TS-000.MP.jpg,C,6.272109031677246,0.0,8.306099975015968,0.0,8.306099975015968
data\user_data\D1\PXL_20260129_160249636.TS-000.MP.jpg,D,6.272109031677246,312.6003999495879,7.928500010166317,32.44869998889044,352.97759994864464
data\user_data\D1\PXL_20260224_102656638.TS-000.MP.jpg,A,6.20916748046875,26.523000036831945,8.050900010857731,36.95560002233833,71.529500070028
data\user_data\D1\PXL_20260224_102656638.TS-000.MP.jpg,B,6.20916748046875,0.0,8.530299994163215,34.47570005664602,43.006000050809234
data\user_data\D1\PXL_20260224_102656638.TS-000.MP.jpg,C,6.20916748046875,0.0,8.558599976822734,0.0,8.558599976822734
data\user_data\D1\PXL_20260224_102656638.TS-000.MP.jpg,D,6.20916748046875,347.8577999630943,8.414399984758347,35.587199963629246,391.8593999114819
data\user_data\D1\PXL_20260224_102700211.TS-000.MP.jpg,A,6.82878303527832,37.81519999029115,8.93120002001524,62.37239995971322,109.11879997001961
data\user_data\D1\PXL_20260224_102700211.TS-000.MP.jpg,B,6.82878303527832,0.0,8.973199990577996,35.47880001133308,44.452000001911074
data\user_data\D1\PXL_20260224_102700211.TS-000.MP.jpg,C,6.82878303527832,0.0,9.473899961449206,0.0,9.473899961449206
data\user_data\D1\PXL_20260224_102700211.TS-000.MP.jpg,D,6.82878303527832,356.675399991218,9.125599986873567,34.70760001800954,400.5085999961011
data\user_data\D1\PXL_20260313_104321385.mp4,A,16.0,39.871999993920326,20.100400026421994,32.38339995732531,92.35579997766763
data\user_data\D1\PXL_20260313_104321385.mp4,B,16.0,0.0,20.485099987126887,35.129399970173836,55.61449995730072
data\user_data\D1\PXL_20260313_104321385.mp4,C,16.0,0.0,22.289899992756546,0.0,22.289899992756546
data\user_data\D1\PXL_20260313_104321385.mp4,D,16.0,776.7261999542825,19.377099990379065,30.517500010319054,826.6207999549806
data\user_data\D1\PXL_20260313_104334573.mp4,A,16.0,41.39210004359484,19.989499996881932,30.63520003343001,92.01680007390678
data\user_data\D1\PXL_20260313_104334573.mp4,B,16.0,0.0,19.799800007604063,39.854500035289675,59.65430004289374
data\user_data\D1\PXL_20260313_104334573.mp4,C,16.0,0.0,20.82839998183772,0.0,20.82839998183772
data\user_data\D1\PXL_20260313_104334573.mp4,D,16.0,791.1225999705493,20.473600015975535,32.90950000518933,844.5056999917142
data\user_data\D1\PXL_20260314_144839464.mp4,A,16.0,44.95640000095591,20.083399955183268,35.671900026500225,100.7116999826394
data\user_data\D1\PXL_20260314_144839464.mp4,B,16.0,0.0,20.382200018502772,34.82050000457093,55.2027000230737
data\user_data\D1\PXL_20260314_144839464.mp4,C,16.0,0.0,20.89200000045821,0.0,20.89200000045821
data\user_data\D1\PXL_20260314_144839464.mp4,D,16.0,768.5231000068597,19.749000028241426,31.594900006894022,819.8670000419952
data\user_data\D1\PXL_20260314_150036469.mp4,A,16.0,46.155699994415045,20.6700999988243,32.369200023822486,99.19500001706183
data\user_data\D1\PXL_20260314_150036469.mp4,B,16.0,0.0,20.394999999552965,34.72589998273179,55.120899982284755
data\user_data\D1\PXL_20260314_150036469.mp4,C,16.0,0.0,21.151799999643117,0.0,21.151799999643117
data\user_data\D1\PXL_20260314_150036469.mp4,D,16.0,804.3993000173941,21.66110003599897,40.364099957514554,866.4245000109076
data\user_data\D1\PXL_20260314_150050400.mp4,A,16.0,45.8313999697566,20.83569997921586,33.902700000908226,100.56979994988069
data\user_data\D1\PXL_20260314_150050400.mp4,B,16.0,0.0,20.82969999173656,37.76189999189228,58.59159998362884
data\user_data\D1\PXL_20260314_150050400.mp4,C,16.0,0.0,21.687400003429502,0.0,21.687400003429502
data\user_data\D1\PXL_20260314_150050400.mp4,D,16.0,784.284099994693,19.50679998844862,32.40620001452044,836.197099997662
data\user_data\D1\PXL_20260314_150735934.mp4,A,16.0,41.4394999970682,19.753300002776086,31.554199988022447,92.74699998786673
data\user_data\D1\PXL_20260314_150735934.mp4,B,16.0,0.0,20.55160002782941,35.70369997760281,56.25530000543222
data\user_data\D1\PXL_20260314_150735934.mp4,C,16.0,0.0,20.987999974749982,0.0,20.987999974749982
data\user_data\D1\PXL_20260314_150735934.mp4,D,16.0,819.3085999810137,20.412400015629828,33.09020004235208,872.8112000389956
data\user_data\D1\PXL_20260315_170224094.mp4,A,16.0,37.48179995454848,19.63989995419979,31.360200024209917,88.48189993295819
data\user_data\D1\PXL_20260315_170224094.mp4,B,16.0,0.0,19.964000035542995,34.372600028291345,54.33660006383434
data\user_data\D1\PXL_20260315_170224094.mp4,C,16.0,0.0,21.282300003804266,0.0,21.282300003804266
data\user_data\D1\PXL_20260315_170224094.mp4,D,16.0,771.9306999933906,20.202299987431616,32.97559998463839,825.1085999654606
data\user_data\D1\PXL_20260322_153048866.MP.jpg,A,6.363185882568359,20.834700029809028,8.855400024913251,34.5314999576658,64.22160001238808
data\user_data\D1\PXL_20260322_153048866.MP.jpg,B,6.363185882568359,0.0,8.12070001848042,33.821099961642176,41.941799980122596
data\user_data\D1\PXL_20260322_153048866.MP.jpg,C,6.363185882568359,0.0,8.700300008058548,0.0,8.700300008058548
data\user_data\D1\PXL_20260322_153048866.MP.jpg,D,6.363185882568359,314.94070001645014,7.9827000154182315,33.68180000688881,356.6052000387572
data\user_data\D1\PXL_20260322_153056438.TS-000.MP.jpg,A,6.3701629638671875,29.5373999979347,8.015800034627318,33.881799958180636,71.43499999074265
data\user_data\D1\PXL_20260322_153056438.TS-000.MP.jpg,B,6.3701629638671875,0.0,8.455700008198619,35.239299992099404,43.69500000029802
data\user_data\D1\PXL_20260322_153056438.TS-000.MP.jpg,C,6.3701629638671875,0.0,8.688499976415187,0.0,8.688499976415187
data\user_data\D1\PXL_20260322_153056438.TS-000.MP.jpg,D,6.3701629638671875,332.57979998597875,8.63330002175644,33.92149996943772,375.1345999771729
data\user_data\D1\PXL_20260322_212502356.mp4,A,16.0,36.29620000720024,19.60020000115037,33.190199988894165,89.08659999724478
data\user_data\D1\PXL_20260322_212502356.mp4,B,16.0,0.0,20.27429995359853,34.60710000945255,54.88139996305108
data\user_data\D1\PXL_20260322_212502356.mp4,C,16.0,0.0,20.925699966028333,0.0,20.925699966028333
data\user_data\D1\PXL_20260322_212502356.mp4,D,16.0,798.8303000456654,20.08909999858588,32.78470004443079,851.704100088682
data\user_data\D1\PXL_20260329_183242702.mp4,A,16.0,42.11129999021068,20.086499978788197,34.741199982818216,96.9389999518171
data\user_data\D1\PXL_20260329_183242702.mp4,B,16.0,0.0,20.15440003015101,34.967799962032586,55.122199992183596
data\user_data\D1\PXL_20260329_183242702.mp4,C,16.0,0.0,21.516199980396777,0.0,21.516199980396777
data\user_data\D1\PXL_20260329_183242702.mp4,D,16.0,800.1519999816082,19.890099996700883,33.327899989672005,853.3699999679811
data\user_data\D1\PXL_20260330_172754088.mp4,A,16.0,37.84510004334152,20.774000033270568,33.496900054160506,92.11600013077259
data\user_data\D1\PXL_20260330_172754088.mp4,B,16.0,0.0,20.097399945370853,36.44140000687912,56.538799952249974
data\user_data\D1\PXL_20260330_172754088.mp4,C,16.0,0.0,20.849499967880547,0.0,20.849499967880547
data\user_data\D1\PXL_20260330_172754088.mp4,D,16.0,777.9228000435978,20.146399969235063,31.897200038656592,829.9664000514895
data\user_data\D1\PXL_20260405_072953716.mp4,A,16.0,43.96320000523701,20.3213999629952,33.62490003928542,97.90950000751764
data\user_data\D1\PXL_20260405_072953716.mp4,B,16.0,0.0,20.068000012543052,36.48460004478693,56.55260005732998
data\user_data\D1\PXL_20260405_072953716.mp4,C,16.0,0.0,20.796599972527474,0.0,20.796599972527474
data\user_data\D1\PXL_20260405_072953716.mp4,D,16.0,783.6130000068806,19.981899997219443,34.08460004720837,837.6795000513084
data\user_data\D1\PXL_20260405_100514278.jpg,A,6.301202774047852,25.19630000460893,8.919399988371879,38.68910000892356,72.80480000190437
data\user_data\D1\PXL_20260405_100514278.jpg,B,6.301202774047852,0.0,8.730100002139807,34.42630002973601,43.15640003187582
data\user_data\D1\PXL_20260405_100514278.jpg,C,6.301202774047852,0.0,8.72819998767227,0.0,8.72819998767227
data\user_data\D1\PXL_20260405_100514278.jpg,D,6.301202774047852,318.58780002221465,8.121300023049116,32.62949996860698,359.33860001387075
data\user_data\D1\PXL_20260405_100643998.MP.jpg,A,6.9878950119018555,27.006299991626292,8.88209999538958,31.545399979222566,67.43379996623844
data\user_data\D1\PXL_20260405_100643998.MP.jpg,B,6.9878950119018555,0.0,8.878699969500303,33.68829999817535,42.566999967675656
data\user_data\D1\PXL_20260405_100643998.MP.jpg,C,6.9878950119018555,0.0,9.163500042632222,0.0,9.163500042632222
data\user_data\D1\PXL_20260405_100643998.MP.jpg,D,6.9878950119018555,359.2606000020169,9.632200002670288,34.6560999751091,403.54889997979626
data\user_data\D1\PXL_20260405_100658032.MP.jpg,A,6.779688835144043,28.595700045116246,8.425999956671149,33.188900037202984,70.21060003899038
data\user_data\D1\PXL_20260405_100658032.MP.jpg,B,6.779688835144043,0.0,9.240299987141043,33.30020001158118,42.540499998722225
data\user_data\D1\PXL_20260405_100658032.MP.jpg,C,6.779688835144043,0.0,9.057799994479865,0.0,9.057799994479865
data\user_data\D1\PXL_20260405_100658032.MP.jpg,D,6.779688835144043,350.3311999957077,8.661700005177408,38.01469999598339,397.0075999968685
data\user_data\D1\PXL_20260405_100703078.MP.jpg,A,6.8275346755981445,28.167099982965738,8.617799961939454,35.048199992161244,71.83309993706644
data\user_data\D1\PXL_20260405_100703078.MP.jpg,B,6.8275346755981445,0.0,9.286499989684671,34.39089999301359,43.67739998269826
data\user_data\D1\PXL_20260405_100703078.MP.jpg,C,6.8275346755981445,0.0,9.047799976542592,0.0,9.047799976542592
data\user_data\D1\PXL_20260405_100703078.MP.jpg,D,6.8275346755981445,382.43439997313544,9.258300007786602,32.820200023707,424.51290000462905
data\user_data\D1\PXL_20260405_100737151.MP.jpg,A,6.2489519119262695,22.072100022342056,8.468099986203015,37.69660001853481,68.23680002707988
data\user_data\D1\PXL_20260405_100737151.MP.jpg,B,6.2489519119262695,0.0,8.150799956638366,33.33439998095855,41.48519993759692
data\user_data\D1\PXL_20260405_100737151.MP.jpg,C,6.2489519119262695,0.0,8.245000033639371,0.0,8.245000033639371
data\user_data\D1\PXL_20260405_100737151.MP.jpg,D,6.2489519119262695,310.0294999894686,8.076799975242466,34.11380003672093,352.220100001432
data\user_data\D1\PXL_20260405_100812801.jpg,A,6.164623260498047,25.479600008111447,8.109999995213002,32.97520003980026,66.5648000431247
data\user_data\D1\PXL_20260405_100812801.jpg,B,6.164623260498047,0.0,8.277200045995414,34.29290000349283,42.570100049488246
data\user_data\D1\PXL_20260405_100812801.jpg,C,6.164623260498047,0.0,8.135200012475252,0.0,8.135200012475252
data\user_data\D1\PXL_20260405_100812801.jpg,D,6.164623260498047,317.7291000029072,8.035700011532754,33.67440000874922,359.4392000231892
data\user_data\D1\PXL_20260405_100828429.MP.jpg,A,6.417702674865723,22.6550999796018,7.755900034680963,34.603399981278926,65.01439999556169
data\user_data\D1\PXL_20260405_100828429.MP.jpg,B,6.417702674865723,0.0,8.29989998601377,31.669699994381517,39.96959998039529
data\user_data\D1\PXL_20260405_100828429.MP.jpg,C,6.417702674865723,0.0,8.391299983486533,0.0,8.391299983486533
data\user_data\D1\PXL_20260405_100828429.MP.jpg,D,6.417702674865723,324.3827999685891,8.257199951913208,31.45569999469444,364.09569991519675
data\user_data\D1\PXL_20260405_100830981.MP.jpg,A,6.645846366882324,26.209200033918023,8.105600019916892,33.36840000702068,67.6832000608556
data\user_data\D1\PXL_20260405_100830981.MP.jpg,B,6.645846366882324,0.0,8.3710000035353,31.96120000211522,40.33220000565052
data\user_data\D1\PXL_20260405_100830981.MP.jpg,C,6.645846366882324,0.0,8.381199964787811,0.0,8.381199964787811
data\user_data\D1\PXL_20260405_100830981.MP.jpg,D,6.645846366882324,347.67539997119457,9.052100009284914,34.065800020471215,390.7933000009507
data\user_data\D1\PXL_20260405_100843422.MP.jpg,A,6.2457475662231445,25.701900012791157,8.559699985198677,33.40330003993586,67.66490003792569
data\user_data\D1\PXL_20260405_100843422.MP.jpg,B,6.2457475662231445,0.0,8.345599984750152,37.354999978560954,45.700599963311106
data\user_data\D1\PXL_20260405_100843422.MP.jpg,C,6.2457475662231445,0.0,8.718899975065142,0.0,8.718899975065142
data\user_data\D1\PXL_20260405_100843422.MP.jpg,D,6.2457475662231445,316.6460000211373,8.222000033129007,33.06359995622188,357.9316000104882
data\user_data\D1\PXL_20260405_100902851.TS-000.MP.jpg,A,6.679649353027344,24.398699984885752,8.761300006881356,35.8041999861598,68.96419997792691
data\user_data\D1\PXL_20260405_100902851.TS-000.MP.jpg,B,6.679649353027344,0.0,8.480200020130724,32.8495999565348,41.32979997666553
data\user_data\D1\PXL_20260405_100902851.TS-000.MP.jpg,C,6.679649353027344,0.0,8.798199996817857,0.0,8.798199996817857
data\user_data\D1\PXL_20260405_100902851.TS-000.MP.jpg,D,6.679649353027344,337.07790001062676,8.231199986767024,33.23850000742823,378.547600004822
data\user_data\D1\PXL_20260405_110024188.mp4,A,16.0,48.11099998187274,19.413699978031218,33.314500004053116,100.83919996395707
data\user_data\D1\PXL_20260405_110024188.mp4,B,16.0,0.0,20.003499987069517,33.64270000020042,53.64619998726994
data\user_data\D1\PXL_20260405_110024188.mp4,C,16.0,0.0,20.856000017374754,0.0,20.856000017374754
data\user_data\D1\PXL_20260405_110024188.mp4,D,16.0,774.6052999864332,20.61340003274381,39.79399998206645,835.0127000012435
data\user_data\D1\PXL_20260405_110559809.mp4,A,16.0,44.51330000301823,20.636799978092313,35.54329997859895,100.6933999597095
data\user_data\D1\PXL_20260405_110559809.mp4,B,16.0,0.0,22.221799998078495,35.403600020799786,57.62540001887828
data\user_data\D1\PXL_20260405_110559809.mp4,C,16.0,0.0,21.72930003143847,0.0,21.72930003143847
data\user_data\D1\PXL_20260405_110559809.mp4,D,16.0,791.9372000033036,20.729600044433028,32.870199996978045,845.5370000447147
data\user_data\D1\PXL_20260405_142459483.mp4,A,16.0,40.06139998091385,20.439300045836717,34.66910001588985,95.16980004264042
data\user_data\D1\PXL_20260405_142459483.mp4,B,16.0,0.0,20.152099954430014,34.08979997038841,54.241899924818426
data\user_data\D1\PXL_20260405_142459483.mp4,C,16.0,0.0,20.997700048610568,0.0,20.997700048610568
data\user_data\D1\PXL_20260405_142459483.mp4,D,16.0,765.8735000295565,20.518400007858872,40.62860005069524,827.0205000881106
data\user_data\D1\PXL_20260405_142548278.mp4,A,16.0,46.278499998152256,22.029099985957146,34.03879998950288,102.34639997361228
data\user_data\D1\PXL_20260405_142548278.mp4,B,16.0,0.0,20.863099955022335,35.99850001046434,56.861599965486676
data\user_data\D1\PXL_20260405_142548278.mp4,C,16.0,0.0,21.829500037711114,0.0,21.829500037711114
data\user_data\D1\PXL_20260405_142548278.mp4,D,16.0,785.1862999959849,20.201000035740435,34.842100052628666,840.229400084354
data\user_data\D1\PXL_20260405_142812330.mp4,A,16.0,43.3128000004217,20.905200042761862,34.27879995433614,98.4967999975197
data\user_data\D1\PXL_20260405_142812330.mp4,B,16.0,0.0,20.786500012036413,36.47220000857487,57.258700020611286
data\user_data\D1\PXL_20260405_142812330.mp4,C,16.0,0.0,21.57370001077652,0.0,21.57370001077652
data\user_data\D1\PXL_20260405_142812330.mp4,D,16.0,767.9683999740519,20.290900021791458,31.490899971686304,819.7501999675296
data\user_data\D1\PXL_20260405_143125404.jpg,A,6.174304962158203,24.34849995188415,8.898100000806153,38.169700012076646,71.41629996476695
data\user_data\D1\PXL_20260405_143125404.jpg,B,6.174304962158203,0.0,8.592300000600517,38.8274000142701,47.419700014870614
data\user_data\D1\PXL_20260405_143125404.jpg,C,6.174304962158203,0.0,8.6182999657467,0.0,8.6182999657467
data\user_data\D1\PXL_20260405_143125404.jpg,D,6.174304962158203,339.4831999903545,10.63500001328066,44.857800006866455,394.9760000105016
data\user_data\D1\PXL_20260405_143129513.MP.jpg,A,6.417737007141113,24.272499955259264,8.839900023303926,41.169899981468916,74.2822999600321
data\user_data\D1\PXL_20260405_143129513.MP.jpg,B,6.417737007141113,0.0,8.81549995392561,40.789299993775785,49.604799947701395
data\user_data\D1\PXL_20260405_143129513.MP.jpg,C,6.417737007141113,0.0,10.92680002329871,0.0,10.92680002329871
data\user_data\D1\PXL_20260405_143129513.MP.jpg,D,6.417737007141113,391.8534000404179,9.500799991656095,47.96250001527369,449.3167000473477
data\user_data\D1\PXL_20260405_143232056.mp4,A,16.0,51.960499957203865,21.525400050450116,37.82060003140941,111.3065000390634
data\user_data\D1\PXL_20260405_143232056.mp4,B,16.0,0.0,22.378500027116388,39.90360000170767,62.28210002882406
data\user_data\D1\PXL_20260405_143232056.mp4,C,16.0,0.0,23.962600040249527,0.0,23.962600040249527
data\user_data\D1\PXL_20260405_143232056.mp4,D,16.0,817.8659999975935,21.380599995609373,35.707300005014986,874.9538999982178
data\user_data\D1\PXL_20260405_143739366.mp4,A,16.0,42.87339997244999,23.87619996443391,35.72720004012808,102.47679997701198
data\user_data\D1\PXL_20260405_143739366.mp4,B,16.0,0.0,21.272200043313205,39.22139998758212,60.49360003089532
data\user_data\D1\PXL_20260405_143739366.mp4,C,16.0,0.0,20.866599981673062,0.0,20.866599981673062
data\user_data\D1\PXL_20260405_143739366.mp4,D,16.0,762.3389000073075,20.044100005179644,32.91529999114573,815.2983000036329
data\user_data\D1\PXL_20260405_144509384.mp4,A,16.0,39.94869999587536,20.40769997984171,34.119099960662425,94.47549993637949
data\user_data\D1\PXL_20260405_144509384.mp4,B,16.0,0.0,19.84630001243204,37.14079997735098,56.98709998978302
data\user_data\D1\PXL_20260405_144509384.mp4,C,16.0,0.0,21.26219996716827,0.0,21.26219996716827
data\user_data\D1\PXL_20260405_144509384.mp4,D,16.0,763.182099966798,20.516499993391335,43.527200003154576,827.2257999633439
data\user_data\D1\PXL_20260405_145838160.mp4,A,16.0,41.124300041701645,22.78290002141148,32.250999996904284,96.1582000600174
data\user_data\D1\PXL_20260405_145838160.mp4,B,16.0,0.0,21.761600044555962,43.92680001910776,65.68840006366372
data\user_data\D1\PXL_20260405_145838160.mp4,C,16.0,0.0,23.33100000396371,0.0,23.33100000396371
data\user_data\D1\PXL_20260405_145838160.mp4,D,16.0,777.9851999948733,19.987799983937293,33.97940000286326,831.9523999816738
data\user_data\D1\PXL_20260405_151013056.PORTRAIT.jpg,A,6.077066421508789,42.680000013206154,8.501100004650652,34.610900038387626,85.79200005624443
data\user_data\D1\PXL_20260405_151013056.PORTRAIT.jpg,B,6.077066421508789,0.0,8.22000001790002,33.77760003786534,41.99760005576536
data\user_data\D1\PXL_20260405_151013056.PORTRAIT.jpg,C,6.077066421508789,0.0,8.414899988565594,0.0,8.414899988565594
data\user_data\D1\PXL_20260405_151013056.PORTRAIT.jpg,D,6.077066421508789,378.372400009539,8.302200003527105,33.61470001982525,420.28930003289133
data\user_data\D1\PXL_20260405_151054883.jpg,A,6.117476463317871,21.201000025030226,7.926899997983128,37.097199994605035,66.22510001761839
data\user_data\D1\PXL_20260405_151054883.jpg,B,6.117476463317871,0.0,8.53859999915585,35.018399998079985,43.556999997235835
data\user_data\D1\PXL_20260405_151054883.jpg,C,6.117476463317871,0.0,8.409100002609193,0.0,8.409100002609193
data\user_data\D1\PXL_20260405_151054883.jpg,D,6.117476463317871,311.02379999356344,8.379600010812283,33.76439999556169,353.1677999999374
data\user_data\D1\PXL_20260405_151106866.jpg,A,6.174990653991699,22.963900002650917,7.887799991294742,34.32310000061989,65.17479999456555
data\user_data\D1\PXL_20260405_151106866.jpg,B,6.174990653991699,0.0,8.133299998007715,33.07720000157133,41.21049999957904
data\user_data\D1\PXL_20260405_151106866.jpg,C,6.174990653991699,0.0,8.33689997671172,0.0,8.33689997671172
data\user_data\D1\PXL_20260405_151106866.jpg,D,6.174990653991699,325.7657999638468,7.9892000067047775,35.52929998841137,369.28429995896295
data\user_data\D1\PXL_20260405_151814354.mp4,A,16.0,38.38290000567213,19.512500031851232,32.09710004739463,89.99250008491799
data\user_data\D1\PXL_20260405_151814354.mp4,B,16.0,0.0,20.478399994317442,32.722099975217134,53.200499969534576
data\user_data\D1\PXL_20260405_151814354.mp4,C,16.0,0.0,21.57979999901727,0.0,21.57979999901727
data\user_data\D1\PXL_20260405_151814354.mp4,D,16.0,767.62450003298,20.077999972272664,32.333899987861514,820.0363999931142
data\user_data\D1\PXL_20260407_061637746.mp4,A,16.0,46.600000001490116,19.387800013646483,31.44270001212135,97.43050002725795
data\user_data\D1\PXL_20260407_061637746.mp4,B,16.0,0.0,19.19399999314919,33.064400020521134,52.258400013670325
data\user_data\D1\PXL_20260407_061637746.mp4,C,16.0,0.0,21.257399988826364,0.0,21.257399988826364
data\user_data\D1\PXL_20260407_061637746.mp4,D,16.0,758.6952000274323,22.248399967793375,42.9903999902308,823.9339999854565
data\user_data\D1\PXL_20260409_165052701.mp4,A,16.0,41.65629995986819,23.28189997933805,33.69890002068132,98.63709995988756
data\user_data\D1\PXL_20260409_165052701.mp4,B,16.0,0.0,21.186200028751045,35.51839996362105,56.704599992372096
data\user_data\D1\PXL_20260409_165052701.mp4,C,16.0,0.0,21.58089994918555,0.0,21.58089994918555
data\user_data\D1\PXL_20260409_165052701.mp4,D,16.0,771.6895000194199,21.30710001802072,31.626599957235157,824.6231999946758
data\user_data\D1\PXL_20260409_165310236.mp4,A,16.0,38.590599957387894,19.827899988740683,31.54619998531416,89.96469993144274
data\user_data\D1\PXL_20260409_165310236.mp4,B,16.0,0.0,20.043800002895296,33.451099996455014,53.49489999935031
data\user_data\D1\PXL_20260409_165310236.mp4,C,16.0,0.0,21.91720000701025,0.0,21.91720000701025
data\user_data\D1\PXL_20260409_165310236.mp4,D,16.0,794.772999943234,20.203599997330457,36.27229999983683,851.2488999404013
data\user_data\D1\PXL_20260411_083333686.jpg,A,6.626304626464844,27.554399974178523,9.247600042726845,33.81439996883273,70.6163999857381
data\user_data\D1\PXL_20260411_083333686.jpg,B,6.626304626464844,0.0,8.928900002501905,41.82400001445785,50.75290001695976
data\user_data\D1\PXL_20260411_083333686.jpg,C,6.626304626464844,0.0,10.687400004826486,0.0,10.687400004826486
data\user_data\D1\PXL_20260411_083333686.jpg,D,6.626304626464844,349.6170000289567,8.63329996354878,33.963499998208135,392.2137999907136
data\user_data\D1\PXL_20260411_083345374.mp4,A,16.0,43.49370003910735,19.557900028303266,34.430300001986325,97.48190006939694
data\user_data\D1\PXL_20260411_083345374.mp4,B,16.0,0.0,20.264399994630367,34.07970000989735,54.34410000452772
data\user_data\D1\PXL_20260411_083345374.mp4,C,16.0,0.0,21.58529998268932,0.0,21.58529998268932
data\user_data\D1\PXL_20260411_083345374.mp4,D,16.0,766.0213999915868,19.89930000854656,35.01210000831634,820.9328000084497
data\user_data\D1\PXL_20260411_084821653.mp4,A,16.0,43.293400027323514,20.244000013917685,32.381199998781085,95.91860004002228
data\user_data\D1\PXL_20260411_084821653.mp4,B,16.0,0.0,19.8254999704659,35.44770000735298,55.27319997781888
data\user_data\D1\PXL_20260411_084821653.mp4,C,16.0,0.0,21.00910001900047,0.0,21.00910001900047
data\user_data\D1\PXL_20260411_084821653.mp4,D,16.0,781.463099992834,19.887799979187548,31.60839999327436,832.9592999652959
data\user_data\D1\PXL_20260417_161917485.mp4,A,16.0,41.47860000375658,20.10699996026233,32.668700034264475,94.25429999828339
data\user_data\D1\PXL_20260417_161917485.mp4,B,16.0,0.0,20.178799983114004,32.93139999732375,53.110199980437756
data\user_data\D1\PXL_20260417_161917485.mp4,C,16.0,0.0,21.112600050400943,0.0,21.112600050400943
data\user_data\D1\PXL_20260417_161917485.mp4,D,16.0,770.3255000524223,20.452400029171258,35.94349999912083,826.7214000807144
data\user_data\D1\PXL_20260417_162219190.jpg,A,6.162629127502441,22.13519997894764,8.619199972599745,34.154599998146296,64.90899994969368
data\user_data\D1\PXL_20260417_162219190.jpg,B,6.162629127502441,0.0,8.512499975040555,35.48030002275482,43.99279999779537
data\user_data\D1\PXL_20260417_162219190.jpg,C,6.162629127502441,0.0,8.137900033034384,0.0,8.137900033034384
data\user_data\D1\PXL_20260417_162219190.jpg,D,6.162629127502441,308.50520002422854,7.526399975176901,31.700899999123067,347.7324999985285
data\user_data\D1\PXL_20260417_162951211.jpg,A,6.536260604858398,22.644600016064942,9.064199985004961,33.394499972928315,65.10329997399822
data\user_data\D1\PXL_20260417_162951211.jpg,B,6.536260604858398,0.0,8.760799944866449,33.13140000682324,41.89219995168969
data\user_data\D1\PXL_20260417_162951211.jpg,C,6.536260604858398,0.0,8.626500028185546,0.0,8.626500028185546
data\user_data\D1\PXL_20260417_162951211.jpg,D,6.536260604858398,342.6856999867596,8.864800038281828,37.911900028120726,389.4624000531621
data\user_data\D1\PXL_20260417_162958034.TS-000.MP.jpg,A,7.52950382232666,26.443400012794882,9.879100020043552,37.237799959257245,73.56029999209568
data\user_data\D1\PXL_20260417_162958034.TS-000.MP.jpg,B,7.52950382232666,0.0,9.985600016079843,36.630599992349744,46.61620000842959
data\user_data\D1\PXL_20260417_162958034.TS-000.MP.jpg,C,7.52950382232666,0.0,10.933800018392503,0.0,10.933800018392503
data\user_data\D1\PXL_20260417_162958034.TS-000.MP.jpg,D,7.52950382232666,389.288000005763,9.682499978225678,38.947799999732524,437.9182999837212
data\user_data\D1\PXL_20260417_163007624.MP.jpg,A,10.574616432189941,33.615400025155395,13.011000002734363,33.88559998711571,80.51200001500547
data\user_data\D1\PXL_20260417_163007624.MP.jpg,B,10.574616432189941,0.0,13.54929996887222,36.98660002555698,50.5358999944292
data\user_data\D1\PXL_20260417_163007624.MP.jpg,C,10.574616432189941,0.0,14.38200002303347,0.0,14.38200002303347
data\user_data\D1\PXL_20260417_163007624.MP.jpg,D,10.574616432189941,555.0664999755099,15.20409999648109,36.66179999709129,606.9323999690823
data\user_data\D1\PXL_20260417_163011369.MP.jpg,A,8.171221733093262,28.350099979434162,10.640499996952713,41.5555999497883,80.54619992617518
data\user_data\D1\PXL_20260417_163011369.MP.jpg,B,8.171221733093262,0.0,11.12390001071617,35.3202999685891,46.44419997930527
data\user_data\D1\PXL_20260417_163011369.MP.jpg,C,8.171221733093262,0.0,11.488999996799976,0.0,11.488999996799976
data\user_data\D1\PXL_20260417_163011369.MP.jpg,D,8.171221733093262,431.62270000902936,12.635799997951835,38.471899984870106,482.7303999918513
data\user_data\D1\PXL_20260417_163029606.MP.jpg,A,9.35673999786377,32.09860000060871,12.695600045844913,34.886600042227656,79.68080008868128
data\user_data\D1\PXL_20260417_163029606.MP.jpg,B,9.35673999786377,0.0,12.784600025042892,40.82970001036301,53.614300035405904
data\user_data\D1\PXL_20260417_163029606.MP.jpg,C,9.35673999786377,0.0,13.036999967880547,0.0,13.036999967880547
data\user_data\D1\PXL_20260417_163029606.MP.jpg,D,9.35673999786377,480.81969999475405,13.06490000570193,35.490999987814575,529.3755999882706
data\user_data\D1\PXL_20260417_163031383.MP.jpg,A,9.988537788391113,33.62090000882745,12.54470000276342,33.609399979468435,79.7749999910593
data\user_data\D1\PXL_20260417_163031383.MP.jpg,B,9.988537788391113,0.0,12.784200021997094,33.42029999475926,46.204500016756356
data\user_data\D1\PXL_20260417_163031383.MP.jpg,C,9.988537788391113,0.0,13.56849999865517,0.0,13.56849999865517
data\user_data\D1\PXL_20260417_163031383.MP.jpg,D,9.988537788391113,492.9365999996662,12.100899999495596,33.18100003525615,538.218500034418
data\user_data\D1\PXL_20260417_163039664.jpg,A,6.184026718139648,24.105300020892173,8.128799963742495,33.379800035618246,65.61390002025291
data\user_data\D1\PXL_20260417_163039664.jpg,B,6.184026718139648,0.0,7.946199970319867,32.81479998258874,40.760999952908605
data\user_data\D1\PXL_20260417_163039664.jpg,C,6.184026718139648,0.0,8.648699964396656,0.0,8.648699964396656
data\user_data\D1\PXL_20260417_163039664.jpg,D,6.184026718139648,316.06869999086484,7.795899990014732,37.30379999615252,361.1683999770321
data\user_data\D1\PXL_20260417_163048048.jpg,A,6.361530303955078,23.619299987331033,8.454900002107024,33.93059998052195,66.00479996996
data\user_data\D1\PXL_20260417_163048048.jpg,B,6.361530303955078,0.0,8.234000008087605,34.093900001607835,42.32790000969544
data\user_data\D1\PXL_20260417_163048048.jpg,C,6.361530303955078,0.0,8.497399976477027,0.0,8.497399976477027
data\user_data\D1\PXL_20260417_163048048.jpg,D,6.361530303955078,330.99699998274446,8.234200009610504,31.62179997889325,370.8529999712482
data\user_data\D1\PXL_20260417_163051016.MP.jpg,A,8.288802146911621,28.324900020379573,10.48959995387122,32.27570001035929,71.09019998461008
data\user_data\D1\PXL_20260417_163051016.MP.jpg,B,8.288802146911621,0.0,10.748900007456541,36.098700016736984,46.847600024193525
data\user_data\D1\PXL_20260417_163051016.MP.jpg,C,8.288802146911621,0.0,11.016300006303936,0.0,11.016300006303936
data\user_data\D1\PXL_20260417_163051016.MP.jpg,D,8.288802146911621,422.92109999107197,10.394599987193942,33.97190000396222,467.28759998222813
data\user_data\D1\PXL_20260417_163052284.jpg,A,6.055643081665039,25.721500045619905,8.120300015434623,34.25189998233691,68.09370004339144
data\user_data\D1\PXL_20260417_163052284.jpg,B,6.055643081665039,0.0,7.976599968969822,32.72409999044612,40.70069995941594
data\user_data\D1\PXL_20260417_163052284.jpg,C,6.055643081665039,0.0,8.556799963116646,0.0,8.556799963116646
data\user_data\D1\PXL_20260417_163052284.jpg,D,6.055643081665039,310.00889994902536,7.5511999893933535,34.82950001489371,352.3895999533124
data\user_data\D1\PXL_20260417_163115707.MP.jpg,A,6.996213912963867,24.184900044929236,9.154299972578883,34.59510003449395,67.93430005200207
data\user_data\D1\PXL_20260417_163115707.MP.jpg,B,6.996213912963867,0.0,8.972199982963502,34.765199990943074,43.73739997390658
data\user_data\D1\PXL_20260417_163115707.MP.jpg,C,6.996213912963867,0.0,9.457600011955947,0.0,9.457600011955947
data\user_data\D1\PXL_20260417_163115707.MP.jpg,D,6.996213912963867,356.9224999519065,9.099699964281172,33.02680002525449,399.04899994144216
data\user_data\D1\PXL_20260417_163118596.MP.jpg,A,7.696327209472656,25.797199981752783,9.770900011062622,33.46599999349564,69.03409998631105
data\user_data\D1\PXL_20260417_163118596.MP.jpg,B,7.696327209472656,0.0,10.21870004478842,33.085100003518164,43.303800048306584
data\user_data\D1\PXL_20260417_163118596.MP.jpg,C,7.696327209472656,0.0,10.34760003676638,0.0,10.34760003676638
data\user_data\D1\PXL_20260417_163118596.MP.jpg,D,7.696327209472656,401.314300019294,10.09130000602454,33.545900019817054,444.9515000451356
data\user_data\D1\PXL_20260418_094113182.mp4,A,16.0,44.95660000247881,20.328300015535206,36.27420001430437,101.55910003231838
data\user_data\D1\PXL_20260418_094113182.mp4,B,16.0,0.0,24.927699996624142,42.65440005110577,67.58210004772991
data\user_data\D1\PXL_20260418_094113182.mp4,C,16.0,0.0,22.304399986751378,0.0,22.304399986751378
data\user_data\D1\PXL_20260418_094113182.mp4,D,16.0,760.7763000414707,19.271700002718717,31.609000056050718,811.6570001002401
data\user_data\D1\PXL_20260419_135036961.MP.jpg,A,7.027311325073242,25.48919996479526,9.650899970438331,34.16540002217516,69.30549995740876
data\user_data\D1\PXL_20260419_135036961.MP.jpg,B,7.027311325073242,0.0,8.948299975600094,33.17220002645627,42.12050000205636
data\user_data\D1\PXL_20260419_135036961.MP.jpg,C,7.027311325073242,0.0,9.442800015676767,0.0,9.442800015676767
data\user_data\D1\PXL_20260419_135036961.MP.jpg,D,7.027311325073242,349.5229999534786,8.735400042496622,33.019700029399246,391.27810002537444
data\user_data\D1\PXL_20260419_135041820.mp4,A,16.0,42.356799996923655,19.527000025846064,35.55859997868538,97.4424000014551
data\user_data\D1\PXL_20260419_135041820.mp4,B,16.0,0.0,20.848700019996613,33.61920005409047,54.46790007408708
data\user_data\D1\PXL_20260419_135041820.mp4,C,16.0,0.0,21.53060003183782,0.0,21.53060003183782
data\user_data\D1\PXL_20260419_135041820.mp4,D,16.0,780.3272000164725,20.496000011917204,32.91989996796474,833.7430999963544
data\user_data\D1\PXL_20260419_135135853.mp4,A,16.0,46.51359998388216,20.735500031150877,31.926500028930604,99.17560004396364
data\user_data\D1\PXL_20260419_135135853.mp4,B,16.0,0.0,20.16770001500845,35.168099973816425,55.335799988824874
data\user_data\D1\PXL_20260419_135135853.mp4,C,16.0,0.0,20.91600000858307,0.0,20.91600000858307
data\user_data\D1\PXL_20260419_135135853.mp4,D,16.0,774.082499963697,20.452600030694157,34.86989997327328,829.4049999676645
data\user_data\D1\PXL_20260424_155744505.mp4,A,16.0,42.81189996981993,20.712099969387054,35.89070000452921,99.4146999437362
data\user_data\D1\PXL_20260424_155744505.mp4,B,16.0,0.0,20.17769997473806,36.04199999244884,56.2196999671869
data\user_data\D1\PXL_20260424_155744505.mp4,C,16.0,0.0,21.31009998265654,0.0,21.31009998265654
data\user_data\D1\PXL_20260424_155744505.mp4,D,16.0,800.3127999836579,19.929600006435066,32.895500015001744,853.1379000050947
data\user_data\D1\PXL_20260425_074407653.mp4,A,16.0,40.242800023406744,20.800900005269796,34.90949998376891,95.95320001244545
data\user_data\D1\PXL_20260425_074407653.mp4,B,16.0,0.0,20.359900023322552,34.80490000220016,55.16480002552271
data\user_data\D1\PXL_20260425_074407653.mp4,C,16.0,0.0,21.725600003264844,0.0,21.725600003264844
data\user_data\D1\PXL_20260425_074407653.mp4,D,16.0,763.4591000387445,20.18680004402995,34.710200037807226,818.3561001205817
data\user_data\D1\PXL_20260425_175428623.mp4,A,16.0,45.41300004348159,20.06229996914044,32.32980001484975,97.80510002747178
data\user_data\D1\PXL_20260425_175428623.mp4,B,16.0,0.0,20.385799987707287,36.200799979269505,56.58659996697679
data\user_data\D1\PXL_20260425_175428623.mp4,C,16.0,0.0,21.202899981290102,0.0,21.202899981290102
data\user_data\D1\PXL_20260425_175428623.mp4,D,16.0,789.7193999961019,20.625000004656613,33.03500002948567,843.3794000302441
data\user_data\D1\PXL_20260425_181856678.mp4,A,16.0,43.00549998879433,20.378999994136393,34.01589998975396,97.40039997268468
data\user_data\D1\PXL_20260425_181856678.mp4,B,16.0,0.0,21.259900007862598,35.94390000216663,57.20380001002923
data\user_data\D1\PXL_20260425_181856678.mp4,C,16.0,0.0,21.764100005384535,0.0,21.764100005384535
data\user_data\D1\PXL_20260425_181856678.mp4,D,16.0,762.0106000103988,20.03439998952672,37.248199980240315,819.2931999801658
data\user_data\D1\PXL_20260425_181909357.mp4,A,16.0,45.834199991077185,21.48160000797361,39.45699997711927,106.77279997617006
data\user_data\D1\PXL_20260425_181909357.mp4,B,16.0,0.0,21.657600009348243,39.09259999636561,60.75020000571385
data\user_data\D1\PXL_20260425_181909357.mp4,C,16.0,0.0,22.430600016377866,0.0,22.430600016377866
data\user_data\D1\PXL_20260425_181909357.mp4,D,16.0,817.4664999824017,20.64169995719567,33.550299995113164,871.6584999347106
data\user_data\D1\PXL_20260425_182325962.mp4,A,16.0,43.810200004372746,20.299000025261194,31.773600028827786,95.88280005846173
data\user_data\D1\PXL_20260425_182325962.mp4,B,16.0,0.0,20.479200000409037,35.34550004405901,55.824700044468045
data\user_data\D1\PXL_20260425_182325962.mp4,C,16.0,0.0,21.074899996165186,0.0,21.074899996165186
data\user_data\D1\PXL_20260425_182325962.mp4,D,16.0,793.3931999723427,21.086900029331446,34.16079998714849,848.6408999888226
data\user_data\D1\PXL_20260428_091534530.mp4,A,7.941771507263184,25.258900015614927,10.488600004464388,32.661500037647784,68.4090000577271
data\user_data\D1\PXL_20260428_091534530.mp4,B,7.941771507263184,0.0,10.539899987634271,33.87240000301972,44.41229999065399
data\user_data\D1\PXL_20260428_091534530.mp4,C,7.941771507263184,0.0,11.743400013074279,0.0,11.743400013074279
data\user_data\D1\PXL_20260428_091534530.mp4,D,7.941771507263184,404.0973000228405,11.650000000372529,37.21679997397587,452.9640999971889
data\user_data\D1\sample_config.json,A,0.0003261566162109375,1.509399968199432,0.6915000267326832,40.070499991998076,42.27139998693019
data\user_data\D1\sample_config.json,B,0.0003261566162109375,0.0,0.059399986639618874,36.42189997481182,36.48129996145144
data\user_data\D1\sample_config.json,C,0.0003261566162109375,0.0,0.014999997802078724,0.0,0.014999997802078724
data\user_data\D1\sample_config.json,D,0.0003261566162109375,0.1265000319108367,0.07080001523718238,35.794599971268326,35.991900018416345
data\user_data\D1\sample_stream.ndjson,A,0.000698089599609375,0.06509997183457017,0.07020001066848636,36.421599972527474,36.55689995503053
data\user_data\D1\sample_stream.ndjson,B,0.000698089599609375,0.0,0.07489998824894428,34.76989996852353,34.844799956772476
data\user_data\D1\sample_stream.ndjson,C,0.000698089599609375,0.0,0.016300007700920105,0.0,0.016300007700920105
data\user_data\D1\sample_stream.ndjson,D,0.000698089599609375,0.1411999692209065,0.07020001066848636,36.21059999568388,36.42199997557327
data\user_data\D1\VID_20231118_173324.mp4,A,6.558999061584473,33.750300004612654,9.099100017920136,38.64029998658225,81.48970000911504
data\user_data\D1\VID_20231118_173324.mp4,B,6.558999061584473,0.0,9.588000015355647,38.039500010199845,47.62750002555549
data\user_data\D1\VID_20231118_173324.mp4,C,6.558999061584473,0.0,9.436099964659661,0.0,9.436099964659661
data\user_data\D1\VID_20231118_173324.mp4,D,6.558999061584473,370.9345000097528,8.576499996706843,32.67550002783537,412.186500034295
data\user_data\D1\VID_20240217_152042.mp4,A,6.325420379638672,30.812599987257272,7.868500018958002,33.04459998616949,71.72569999238476
data\user_data\D1\VID_20240217_152042.mp4,B,6.325420379638672,0.0,8.251899969764054,31.917299958877265,40.16919992864132
data\user_data\D1\VID_20240217_152042.mp4,C,6.325420379638672,0.0,8.435600029770285,0.0,8.435600029770285
data\user_data\D1\VID_20240217_152042.mp4,D,6.325420379638672,376.7211999511346,7.992199971340597,39.632100029848516,424.34549995232373
data\user_data\D1\VID_20240904_164931.mp4,A,9.02902889251709,52.317800000309944,11.025799962226301,35.66090000094846,99.0044999634847
data\user_data\D1\VID_20240904_164931.mp4,B,9.02902889251709,0.0,11.586899985559285,33.46159995999187,45.04849994555116
data\user_data\D1\VID_20240904_164931.mp4,C,9.02902889251709,0.0,12.582099996507168,0.0,12.582099996507168
data\user_data\D1\VID_20240904_164931.mp4,D,9.02902889251709,543.8280000234954,11.236899998039007,33.12850004294887,588.1934000644833
data\user_data\D1\VID_20250115_183009~2.mp4,A,6.944969177246094,38.381699996534735,8.850099984556437,32.73500001523644,79.96679999632761
data\user_data\D1\VID_20250115_183009~2.mp4,B,6.944969177246094,0.0,12.179900018963963,36.94210003595799,49.122000054921955
data\user_data\D1\VID_20250115_183009~2.mp4,C,6.944969177246094,0.0,12.692400021478534,0.0,12.692400021478534
data\user_data\D1\VID_20250115_183009~2.mp4,D,6.944969177246094,437.2142999782227,10.00680000288412,32.68699999898672,479.90809998009354
data\user_data\D1\VID_20250618_101940.mp4,A,7.730243682861328,36.395000002812594,9.56069998210296,32.76079997885972,78.71649996377528
data\user_data\D1\VID_20250618_101940.mp4,B,7.730243682861328,0.0,10.080099978949875,33.32079999381676,43.40089997276664
data\user_data\D1\VID_20250618_101940.mp4,C,7.730243682861328,0.0,10.136699944268912,0.0,10.136699944268912
data\user_data\D1\VID_20250618_101940.mp4,D,7.730243682861328,465.8362999907695,10.591700032819062,43.87149994727224,520.2994999708608
data\user_data\D1\VID_20250726_163139.mp4,A,6.631858825683594,27.63039997080341,8.381200022995472,34.831499971915036,70.84309996571392
data\user_data\D1\VID_20250726_163139.mp4,B,6.631858825683594,0.0,9.384000033605844,34.252599987667054,43.6366000212729
data\user_data\D1\VID_20250726_163139.mp4,C,6.631858825683594,0.0,8.707800006959587,0.0,8.707800006959587
data\user_data\D1\VID_20250726_163139.mp4,D,6.631858825683594,356.4556000055745,8.55630001751706,34.50919996248558,399.52109998557717
data\user_data\D1\VID_20250904_214933.mp4,A,8.964494705200195,26.19599999161437,11.064300022553653,32.48990001156926,69.75020002573729
data\user_data\D1\VID_20250904_214933.mp4,B,8.964494705200195,0.0,12.8825000138022,34.52459996333346,47.40709997713566
data\user_data\D1\VID_20250904_214933.mp4,C,8.964494705200195,0.0,12.683800014201552,0.0,12.683800014201552
data\user_data\D1\VID_20250904_214933.mp4,D,8.964494705200195,440.5136999557726,11.854099982883781,32.86069998284802,485.2284999215044
data\user_data\D1\VID_20250928_135549.mp4,A,6.370865821838379,26.92979999119416,8.028000011108816,31.66749997762963,66.6252999799326
data\user_data\D1\VID_20250928_135549.mp4,B,6.370865821838379,0.0,8.231499989051372,34.82020000228658,43.051699991337955
data\user_data\D1\VID_20250928_135549.mp4,C,6.370865821838379,0.0,8.692999952472746,0.0,8.692999952472746
data\user_data\D1\VID_20250928_135549.mp4,D,6.370865821838379,324.93779994547367,7.725799980107695,33.674800011795014,366.3383999373764
data\user_data\D1\VID_20251005_181221.mp4,A,7.043639183044434,25.047599978279322,8.521399984601885,33.471600036136806,67.04059999901801
data\user_data\D1\VID_20251005_181221.mp4,B,7.043639183044434,0.0,9.421299968380481,33.04729994852096,42.46859991690144
data\user_data\D1\VID_20251005_181221.mp4,C,7.043639183044434,0.0,9.279499994590878,0.0,9.279499994590878
data\user_data\D1\VID_20251005_181221.mp4,D,7.043639183044434,336.17820002837107,9.315600036643445,33.65630004554987,379.1501001105644
