path,pipeline,description,size_mb,throughput_mbps
data\user_data\D1\Breaking_Mindset_Barriers.mp4,A,zstd + AES + KEM,16.0,120.3271695894433
data\user_data\D1\Breaking_Mindset_Barriers.mp4,B,raw + AES + KEM,16.0,374.69409737691086
data\user_data\D1\Breaking_Mindset_Barriers.mp4,C,raw + AES,16.0,931.5323710794098
data\user_data\D1\Breaking_Mindset_Barriers.mp4,D,gzip + AES + KEM,16.0,21.34905762468763
data\user_data\D1\IMG_20240505_184443_536.jpg,A,zstd + AES + KEM,6.8355817794799805,98.43584255588326
data\user_data\D1\IMG_20240505_184443_536.jpg,B,raw + AES + KEM,6.8355817794799805,192.32081458928005
data\user_data\D1\IMG_20240505_184443_536.jpg,C,raw + AES,6.8355817794799805,871.8520717214483
data\user_data\D1\IMG_20240505_184443_536.jpg,D,gzip + AES + KEM,6.8355817794799805,20.293242170079623
data\user_data\D1\IMG_20240505_184514_417.jpg,A,zstd + AES + KEM,6.681689262390137,110.30331114037902
data\user_data\D1\IMG_20240505_184514_417.jpg,B,raw + AES + KEM,6.681689262390137,203.84552085095947
data\user_data\D1\IMG_20240505_184514_417.jpg,C,raw + AES,6.681689262390137,952.3366645959105
data\user_data\D1\IMG_20240505_184514_417.jpg,D,gzip + AES + KEM,6.681689262390137,20.485246573739953
data\user_data\D1\IMG_20240505_184517_524.jpg,A,zstd + AES + KEM,6.62376594543457,114.70558813997573
data\user_data\D1\IMG_20240505_184517_524.jpg,B,raw + AES + KEM,6.62376594543457,206.93965743809017
data\user_data\D1\IMG_20240505_184517_524.jpg,C,raw + AES,6.62376594543457,983.8201553676914
data\user_data\D1\IMG_20240505_184517_524.jpg,D,gzip + AES + KEM,6.62376594543457,20.76130595671753
data\user_data\D1\IMG_20240505_184520_085.jpg,A,zstd + AES + KEM,6.8107757568359375,119.3434537726604
data\user_data\D1\IMG_20240505_184520_085.jpg,B,raw + AES + KEM,6.8107757568359375,177.27485322762521
data\user_data\D1\IMG_20240505_184520_085.jpg,C,raw + AES,6.8107757568359375,891.5328086465707
data\user_data\D1\IMG_20240505_184520_085.jpg,D,gzip + AES + KEM,6.8107757568359375,19.634159425066272
data\user_data\D1\IMG_20240505_185009_663.jpg,A,zstd + AES + KEM,6.127076148986816,99.77261428204538
data\user_data\D1\IMG_20240505_185009_663.jpg,B,raw + AES + KEM,6.127076148986816,159.50112322193146
data\user_data\D1\IMG_20240505_185009_663.jpg,C,raw + AES,6.127076148986816,897.187984238144
data\user_data\D1\IMG_20240505_185009_663.jpg,D,gzip + AES + KEM,6.127076148986816,17.49736314548975
data\user_data\D1\IMG_20240505_185010_443.jpg,A,zstd + AES + KEM,6.577130317687988,88.10469904501363
data\user_data\D1\IMG_20240505_185010_443.jpg,B,raw + AES + KEM,6.577130317687988,157.7669432772167
data\user_data\D1\IMG_20240505_185010_443.jpg,C,raw + AES,6.577130317687988,727.5828063905684
data\user_data\D1\IMG_20240505_185010_443.jpg,D,gzip + AES + KEM,6.577130317687988,14.927521856860796
data\user_data\D1\PXL_20251202_133232266.MP.jpg,A,zstd + AES + KEM,6.188117980957031,87.32854236459274
data\user_data\D1\PXL_20251202_133232266.MP.jpg,B,raw + AES + KEM,6.188117980957031,145.56749730594294
data\user_data\D1\PXL_20251202_133232266.MP.jpg,C,raw + AES,6.188117980957031,707.0195583899074
data\user_data\D1\PXL_20251202_133232266.MP.jpg,D,gzip + AES + KEM,6.188117980957031,16.97817320698494
data\user_data\D1\PXL_20251202_203139659.TS-000.MP.jpg,A,zstd + AES + KEM,6.016999244689941,98.52239707745244
data\user_data\D1\PXL_20251202_203139659.TS-000.MP.jpg,B,raw + AES + KEM,6.016999244689941,139.25982483030396
data\user_data\D1\PXL_20251202_203139659.TS-000.MP.jpg,C,raw + AES,6.016999244689941,762.4078795712035
data\user_data\D1\PXL_20251202_203139659.TS-000.MP.jpg,D,gzip + AES + KEM,6.016999244689941,17.60923829706041
data\user_data\D1\PXL_20251205_175227735.MP.jpg,A,zstd + AES + KEM,6.558318138122559,89.73548791861909
data\user_data\D1\PXL_20251205_175227735.MP.jpg,B,raw + AES + KEM,6.558318138122559,156.7546836053903
data\user_data\D1\PXL_20251205_175227735.MP.jpg,C,raw + AES,6.558318138122559,696.1086589131415
data\user_data\D1\PXL_20251205_175227735.MP.jpg,D,gzip + AES + KEM,6.558318138122559,16.69187159247386
data\user_data\D1\PXL_20251209_113357421.MP.jpg,A,zstd + AES + KEM,6.498793601989746,93.1983227283887
data\user_data\D1\PXL_20251209_113357421.MP.jpg,B,raw + AES + KEM,6.498793601989746,148.75908692320803
data\user_data\D1\PXL_20251209_113357421.MP.jpg,C,raw + AES,6.498793601989746,729.6440467436507
data\user_data\D1\PXL_20251209_113357421.MP.jpg,D,gzip + AES + KEM,6.498793601989746,17.230217762947298
data\user_data\D1\PXL_20251215_080505281.MP.jpg,A,zstd + AES + KEM,6.015619277954102,91.02493170099338
data\user_data\D1\PXL_20251215_080505281.MP.jpg,B,raw + AES + KEM,6.015619277954102,127.88007253178091
data\user_data\D1\PXL_20251215_080505281.MP.jpg,C,raw + AES,6.015619277954102,668.914974899528
data\user_data\D1\PXL_20251215_080505281.MP.jpg,D,gzip + AES + KEM,6.015619277954102,16.42766204123832
data\user_data\D1\PXL_20251221_124325528.MP.jpg,A,zstd + AES + KEM,6.176543235778809,91.31387022517637
data\user_data\D1\PXL_20251221_124325528.MP.jpg,B,raw + AES + KEM,6.176543235778809,143.76926400025906
data\user_data\D1\PXL_20251221_124325528.MP.jpg,C,raw + AES,6.176543235778809,754.5712839546201
data\user_data\D1\PXL_20251221_124325528.MP.jpg,D,gzip + AES + KEM,6.176543235778809,17.6366591967928
data\user_data\D1\PXL_20251221_192530116.mp4,A,zstd + AES + KEM,6.287561416625977,96.89106254242199
data\user_data\D1\PXL_20251221_192530116.mp4,B,raw + AES + KEM,6.287561416625977,144.76461240217134
data\user_data\D1\PXL_20251221_192530116.mp4,C,raw + AES,6.287561416625977,757.8205595373363
data\user_data\D1\PXL_20251221_192530116.mp4,D,gzip + AES + KEM,6.287561416625977,18.020169253283534
data\user_data\D1\PXL_20251225_090206837.MP.jpg,A,zstd + AES + KEM,6.6897783279418945,101.69293689863811
data\user_data\D1\PXL_20251225_090206837.MP.jpg,B,raw + AES + KEM,6.6897783279418945,151.4093150111017
data\user_data\D1\PXL_20251225_090206837.MP.jpg,C,raw + AES,6.6897783279418945,756.428536200635
data\user_data\D1\PXL_20251225_090206837.MP.jpg,D,gzip + AES + KEM,6.6897783279418945,17.11433169032055
data\user_data\D1\PXL_20251225_090219896.MP.jpg,A,zstd + AES + KEM,6.364558219909668,93.50252933610679
data\user_data\D1\PXL_20251225_090219896.MP.jpg,B,raw + AES + KEM,6.364558219909668,124.3306041181334
data\user_data\D1\PXL_20251225_090219896.MP.jpg,C,raw + AES,6.364558219909668,725.7358494413158
data\user_data\D1\PXL_20251225_090219896.MP.jpg,D,gzip + AES + KEM,6.364558219909668,16.828346928412646
data\user_data\D1\PXL_20251225_090327132.MP.jpg,A,zstd + AES + KEM,6.264394760131836,97.67330711669769
data\user_data\D1\PXL_20251225_090327132.MP.jpg,B,raw + AES + KEM,6.264394760131836,135.34950691547158
data\user_data\D1\PXL_20251225_090327132.MP.jpg,C,raw + AES,6.264394760131836,723.1875038361269
data\user_data\D1\PXL_20251225_090327132.MP.jpg,D,gzip + AES + KEM,6.264394760131836,17.750948016342548
data\user_data\D1\PXL_20251225_201550669.TS-000.MP.jpg,A,zstd + AES + KEM,6.23698616027832,92.60256029722393
data\user_data\D1\PXL_20251225_201550669.TS-000.MP.jpg,B,raw + AES + KEM,6.23698616027832,147.16050978869913
data\user_data\D1\PXL_20251225_201550669.TS-000.MP.jpg,C,raw + AES,6.23698616027832,746.5867996062559
data\user_data\D1\PXL_20251225_201550669.TS-000.MP.jpg,D,gzip + AES + KEM,6.23698616027832,17.17856676447552
data\user_data\D1\PXL_20251226_065017813.MP.jpg,A,zstd + AES + KEM,6.1597700119018555,95.74553750397295
data\user_data\D1\PXL_20251226_065017813.MP.jpg,B,raw + AES + KEM,6.1597700119018555,152.88393105040373
data\user_data\D1\PXL_20251226_065017813.MP.jpg,C,raw + AES,6.1597700119018555,756.096875301468
data\user_data\D1\PXL_20251226_065017813.MP.jpg,D,gzip + AES + KEM,6.1597700119018555,17.050624562904215
data\user_data\D1\PXL_20251226_065523407.TS-000.MP.jpg,A,zstd + AES + KEM,6.092905044555664,85.16090459328476
data\user_data\D1\PXL_20251226_065523407.TS-000.MP.jpg,B,raw + AES + KEM,6.092905044555664,124.35210665271669
data\user_data\D1\PXL_20251226_065523407.TS-000.MP.jpg,C,raw + AES,6.092905044555664,736.8726285012108
data\user_data\D1\PXL_20251226_065523407.TS-000.MP.jpg,D,gzip + AES + KEM,6.092905044555664,17.38951448304955
data\user_data\D1\PXL_20251226_065644794.MP.jpg,A,zstd + AES + KEM,6.229752540588379,96.23989165493423
data\user_data\D1\PXL_20251226_065644794.MP.jpg,B,raw + AES + KEM,6.229752540588379,154.48744410698768
data\user_data\D1\PXL_20251226_065644794.MP.jpg,C,raw + AES,6.229752540588379,739.4277260393236
data\user_data\D1\PXL_20251226_065644794.MP.jpg,D,gzip + AES + KEM,6.229752540588379,17.397315571594618
data\user_data\D1\PXL_20251226_070459627.MP.jpg,A,zstd + AES + KEM,6.312774658203125,99.31555331485673
data\user_data\D1\PXL_20251226_070459627.MP.jpg,B,raw + AES + KEM,6.312774658203125,155.03798489028185
data\user_data\D1\PXL_20251226_070459627.MP.jpg,C,raw + AES,6.312774658203125,747.1269728536772
data\user_data\D1\PXL_20251226_070459627.MP.jpg,D,gzip + AES + KEM,6.312774658203125,17.591019034082162
data\user_data\D1\PXL_20251226_070701079.MP.jpg,A,zstd + AES + KEM,6.150442123413086,91.91768544825509
data\user_data\D1\PXL_20251226_070701079.MP.jpg,B,raw + AES + KEM,6.150442123413086,149.66909995773946
data\user_data\D1\PXL_20251226_070701079.MP.jpg,C,raw + AES,6.150442123413086,721.4764118623264
data\user_data\D1\PXL_20251226_070701079.MP.jpg,D,gzip + AES + KEM,6.150442123413086,17.679546963403897
data\user_data\D1\PXL_20251227_164939125.MP.jpg,A,zstd + AES + KEM,6.209925651550293,96.26761880917407
data\user_data\D1\PXL_20251227_164939125.MP.jpg,B,raw + AES + KEM,6.209925651550293,154.5038189502517
data\user_data\D1\PXL_20251227_164939125.MP.jpg,C,raw + AES,6.209925651550293,752.353484645984
data\user_data\D1\PXL_20251227_164939125.MP.jpg,D,gzip + AES + KEM,6.209925651550293,17.161900706315524
data\user_data\D1\PXL_20251227_165051684.TS-000.MP.jpg,A,zstd + AES + KEM,6.1177873611450195,86.52785175786138
data\user_data\D1\PXL_20251227_165051684.TS-000.MP.jpg,B,raw + AES + KEM,6.1177873611450195,134.20585584128366
data\user_data\D1\PXL_20251227_165051684.TS-000.MP.jpg,C,raw + AES,6.1177873611450195,736.665669729547
data\user_data\D1\PXL_20251227_165051684.TS-000.MP.jpg,D,gzip + AES + KEM,6.1177873611450195,16.957992336759297
data\user_data\D1\PXL_20260104_142132729.mp4,A,zstd + AES + KEM,8.054511070251465,117.87785142290801
data\user_data\D1\PXL_20260104_142132729.mp4,B,raw + AES + KEM,8.054511070251465,174.92618265706125
data\user_data\D1\PXL_20260104_142132729.mp4,C,raw + AES,8.054511070251465,680.6648247612112
data\user_data\D1\PXL_20260104_142132729.mp4,D,gzip + AES + KEM,8.054511070251465,18.329493660828888
data\user_data\D1\PXL_20260110_101310876.MP.jpg,A,zstd + AES + KEM,6.138520240783691,90.89014220100081
data\user_data\D1\PXL_20260110_101310876.MP.jpg,B,raw + AES + KEM,6.138520240783691,91.65390427235792
data\user_data\D1\PXL_20260110_101310876.MP.jpg,C,raw + AES,6.138520240783691,403.2848860697457
data\user_data\D1\PXL_20260110_101310876.MP.jpg,D,gzip + AES + KEM,6.138520240783691,15.92741636704888
data\user_data\D1\PXL_20260116_161545226.MP.jpg,A,zstd + AES + KEM,6.674646377563477,92.6248194039169
data\user_data\D1\PXL_20260116_161545226.MP.jpg,B,raw + AES + KEM,6.674646377563477,154.04854984439464
data\user_data\D1\PXL_20260116_161545226.MP.jpg,C,raw + AES,6.674646377563477,737.497390199606
data\user_data\D1\PXL_20260116_161545226.MP.jpg,D,gzip + AES + KEM,6.674646377563477,16.838822057907237
data\user_data\D1\PXL_20260116_161547655.MP.jpg,A,zstd + AES + KEM,6.463465690612793,95.1088705507911
data\user_data\D1\PXL_20260116_161547655.MP.jpg,B,raw + AES + KEM,6.463465690612793,154.44842198949107
data\user_data\D1\PXL_20260116_161547655.MP.jpg,C,raw + AES,6.463465690612793,693.4156198770231
data\user_data\D1\PXL_20260116_161547655.MP.jpg,D,gzip + AES + KEM,6.463465690612793,17.128878140870988
data\user_data\D1\PXL_20260122_172242999.MP.jpg,A,zstd + AES + KEM,6.0613861083984375,86.9727921878664
data\user_data\D1\PXL_20260122_172242999.MP.jpg,B,raw + AES + KEM,6.0613861083984375,136.87407094907977
data\user_data\D1\PXL_20260122_172242999.MP.jpg,C,raw + AES,6.0613861083984375,738.7069654496308
data\user_data\D1\PXL_20260122_172242999.MP.jpg,D,gzip + AES + KEM,6.0613861083984375,17.170228841824162
data\user_data\D1\PXL_20260124_115240398.MP.jpg,A,zstd + AES + KEM,6.709484100341797,100.25677424324877
data\user_data\D1\PXL_20260124_115240398.MP.jpg,B,raw + AES + KEM,6.709484100341797,162.4017973327994
data\user_data\D1\PXL_20260124_115240398.MP.jpg,C,raw + AES,6.709484100341797,787.2856044810917
data\user_data\D1\PXL_20260124_115240398.MP.jpg,D,gzip + AES + KEM,6.709484100341797,17.86205414309113
data\user_data\D1\PXL_20260125_130004906.MP.jpg,A,zstd + AES + KEM,6.422316551208496,95.87822405473078
data\user_data\D1\PXL_20260125_130004906.MP.jpg,B,raw + AES + KEM,6.422316551208496,149.3329307181755
data\user_data\D1\PXL_20260125_130004906.MP.jpg,C,raw + AES,6.422316551208496,762.1932547267518
data\user_data\D1\PXL_20260125_130004906.MP.jpg,D,gzip + AES + KEM,6.422316551208496,15.711347578222098
data\user_data\D1\PXL_20260125_130006865.MP.jpg,A,zstd + AES + KEM,6.171470642089844,77.88130847369406
data\user_data\D1\PXL_20260125_130006865.MP.jpg,B,raw + AES + KEM,6.171470642089844,99.43880642337777
data\user_data\D1\PXL_20260125_130006865.MP.jpg,C,raw + AES,6.171470642089844,648.8908016007903
data\user_data\D1\PXL_20260125_130006865.MP.jpg,D,gzip + AES + KEM,6.171470642089844,15.970276595753859
data\user_data\D1\PXL_20260127_165207636.MP.jpg,A,zstd + AES + KEM,6.2840423583984375,90.59358811027876
data\user_data\D1\PXL_20260127_165207636.MP.jpg,B,raw + AES + KEM,6.2840423583984375,130.15074414883972
data\user_data\D1\PXL_20260127_165207636.MP.jpg,C,raw + AES,6.2840423583984375,705.5568802301485
data\user_data\D1\PXL_20260127_165207636.MP.jpg,D,gzip + AES + KEM,6.2840423583984375,16.899324002640306
data\user_data\D1\PXL_20260129_110336318.MP.jpg,A,zstd + AES + KEM,6.908943176269531,100.75884292849827
data\user_data\D1\PXL_20260129_110336318.MP.jpg,B,raw + AES + KEM,6.908943176269531,151.2565005097296
data\user_data\D1\PXL_20260129_110336318.MP.jpg,C,raw + AES,6.908943176269531,765.3981720217766
data\user_data\D1\PXL_20260129_110336318.MP.jpg,D,gzip + AES + KEM,6.908943176269531,17.154549070559337
data\user_data\D1\PXL_20260129_153525007.TS-000.MP.jpg,A,zstd + AES + KEM,6.4588422775268555,87.23379171798835
data\user_data\D1\PXL_20260129_153525007.TS-000.MP.jpg,B,raw + AES + KEM,6.4588422775268555,135.81293725870833
data\user_data\D1\PXL_20260129_153525007.TS-000.MP.jpg,C,raw + AES,6.4588422775268555,670.8046211387664
data\user_data\D1\PXL_20260129_153525007.TS-000.MP.jpg,D,gzip + AES + KEM,6.4588422775268555,16.578252154085934
data\user_data\D1\PXL_20260129_155503127.TS-000.MP.jpg,A,zstd + AES + KEM,6.041681289672852,82.11595359714863
data\user_data\D1\PXL_20260129_155503127.TS-000.MP.jpg,B,raw + AES + KEM,6.041681289672852,134.31599706444385
data\user_data\D1\PXL_20260129_155503127.TS-000.MP.jpg,C,raw + AES,6.041681289672852,734.5687788679865
data\user_data\D1\PXL_20260129_155503127.TS-000.MP.jpg,D,gzip + AES + KEM,6.041681289672852,16.707085149753752
data\user_data\D1\PXL_20260129_155506941.MP.jpg,A,zstd + AES + KEM,6.182991027832031,89.36417410778115
data\user_data\D1\PXL_20260129_155506941.MP.jpg,B,raw + AES + KEM,6.182991027832031,132.8829611527726
data\user_data\D1\PXL_20260129_155506941.MP.jpg,C,raw + AES,6.182991027832031,708.4330348231897
data\user_data\D1\PXL_20260129_155506941.MP.jpg,D,gzip + AES + KEM,6.182991027832031,14.588123858109167
data\user_data\D1\PXL_20260129_155521565.MP.jpg,A,zstd + AES + KEM,6.308686256408691,66.68533667492922
data\user_data\D1\PXL_20260129_155521565.MP.jpg,B,raw + AES + KEM,6.308686256408691,127.39570486858709
data\user_data\D1\PXL_20260129_155521565.MP.jpg,C,raw + AES,6.308686256408691,654.3262196144042
data\user_data\D1\PXL_20260129_155521565.MP.jpg,D,gzip + AES + KEM,6.308686256408691,15.913071453388472
data\user_data\D1\PXL_20260129_155547683.MP.jpg,A,zstd + AES + KEM,6.784265518188477,96.9241711638598
data\user_data\D1\PXL_20260129_155547683.MP.jpg,B,raw + AES + KEM,6.784265518188477,160.64999903040297
data\user_data\D1\PXL_20260129_155547683.MP.jpg,C,raw + AES,6.784265518188477,712.363552107781
data\user_data\D1\PXL_20260129_155547683.MP.jpg,D,gzip + AES + KEM,6.784265518188477,17.323920420315815
data\user_data\D1\PXL_20260129_155609801.MP.jpg,A,zstd + AES + KEM,7.340640068054199,101.55712041644547
data\user_data\D1\PXL_20260129_155609801.MP.jpg,B,raw + AES + KEM,7.340640068054199,143.66987910476462
data\user_data\D1\PXL_20260129_155609801.MP.jpg,C,raw + AES,7.340640068054199,726.6665436034086
data\user_data\D1\PXL_20260129_155609801.MP.jpg,D,gzip + AES + KEM,7.340640068054199,17.42482181721258
data\user_data\D1\PXL_20260129_155616416.TS-000.MP.jpg,A,zstd + AES + KEM,6.195025444030762,95.99898096319444
data\user_data\D1\PXL_20260129_155616416.TS-000.MP.jpg,B,raw + AES + KEM,6.195025444030762,150.39280250614883
data\user_data\D1\PXL_20260129_155616416.TS-000.MP.jpg,C,raw + AES,6.195025444030762,760.8259670290506
data\user_data\D1\PXL_20260129_155616416.TS-000.MP.jpg,D,gzip + AES + KEM,6.195025444030762,17.15156562615729
data\user_data\D1\PXL_20260129_160048311.TS-000.MP.jpg,A,zstd + AES + KEM,6.483567237854004,98.7116273502336
data\user_data\D1\PXL_20260129_160048311.TS-000.MP.jpg,B,raw + AES + KEM,6.483567237854004,152.3473310317542
data\user_data\D1\PXL_20260129_160048311.TS-000.MP.jpg,C,raw + AES,6.483567237854004,735.5820421831133
data\user_data\D1\PXL_20260129_160048311.TS-000.MP.jpg,D,gzip + AES + KEM,6.483567237854004,17.721012194159005
data\user_data\D1\PXL_20260129_160249636.TS-000.MP.jpg,A,zstd + AES + KEM,6.272109031677246,96.38781027372157
data\user_data\D1\PXL_20260129_160249636.TS-000.MP.jpg,B,raw + AES + KEM,6.272109031677246,152.23824256726934
data\user_data\D1\PXL_20260129_160249636.TS-000.MP.jpg,C,raw + AES,6.272109031677246,755.1208209079122
data\user_data\D1\PXL_20260129_160249636.TS-000.MP.jpg,D,gzip + AES + KEM,6.272109031677246,17.769141816902223
data\user_data\D1\PXL_20260224_102656638.TS-000.MP.jpg,A,zstd + AES + KEM,6.20916748046875,86.8056882040266
data\user_data\D1\PXL_20260224_102656638.TS-000.MP.jpg,B,raw + AES + KEM,6.20916748046875,144.3790976406306
data\user_data\D1\PXL_20260224_102656638.TS-000.MP.jpg,C,raw + AES,6.20916748046875,725.488689421587
data\user_data\D1\PXL_20260224_102656638.TS-000.MP.jpg,D,gzip + AES + KEM,6.20916748046875,15.845396287217698
data\user_data\D1\PXL_20260224_102700211.TS-000.MP.jpg,A,zstd + AES + KEM,6.82878303527832,62.58117791942844
data\user_data\D1\PXL_20260224_102700211.TS-000.MP.jpg,B,raw + AES + KEM,6.82878303527832,153.62150263170923
data\user_data\D1\PXL_20260224_102700211.TS-000.MP.jpg,C,raw + AES,6.82878303527832,720.7995717778018
data\user_data\D1\PXL_20260224_102700211.TS-000.MP.jpg,D,gzip + AES + KEM,6.82878303527832,17.05027815968196
data\user_data\D1\PXL_20260313_104321385.mp4,A,zstd + AES + KEM,16.0,173.24304487502602
data\user_data\D1\PXL_20260313_104321385.mp4,B,raw + AES + KEM,16.0,287.69475608491234
data\user_data\D1\PXL_20260313_104321385.mp4,C,raw + AES,16.0,717.8138980075933
data\user_data\D1\PXL_20260313_104321385.mp4,D,gzip + AES + KEM,16.0,19.35591265169155
data\user_data\D1\PXL_20260313_104334573.mp4,A,zstd + AES + KEM,16.0,173.88129110280943
data\user_data\D1\PXL_20260313_104334573.mp4,B,raw + AES + KEM,16.0,268.2120146996174
data\user_data\D1\PXL_20260313_104334573.mp4,C,raw + AES,16.0,768.1819061450681
data\user_data\D1\PXL_20260313_104334573.mp4,D,gzip + AES + KEM,16.0,18.945994088798905
data\user_data\D1\PXL_20260314_144839464.mp4,A,zstd + AES + KEM,16.0,158.86932702712858
data\user_data\D1\PXL_20260314_144839464.mp4,B,raw + AES + KEM,16.0,289.84089534229844
data\user_data\D1\PXL_20260314_144839464.mp4,C,raw + AES,16.0,765.8433850109651
data\user_data\D1\PXL_20260314_144839464.mp4,D,gzip + AES + KEM,16.0,19.51536041721456
data\user_data\D1\PXL_20260314_150036469.mp4,A,zstd + AES + KEM,16.0,161.2984525152271
data\user_data\D1\PXL_20260314_150036469.mp4,B,raw + AES + KEM,16.0,290.2710225185406
data\user_data\D1\PXL_20260314_150036469.mp4,C,raw + AES,16.0,756.4368044454826
data\user_data\D1\PXL_20260314_150036469.mp4,D,gzip + AES + KEM,16.0,18.46669848301678
data\user_data\D1\PXL_20260314_150050400.mp4,A,zstd + AES + KEM,16.0,159.09348539992777
data\user_data\D1\PXL_20260314_150050400.mp4,B,raw + AES + KEM,16.0,273.0766868368603
data\user_data\D1\PXL_20260314_150050400.mp4,C,raw + AES,16.0,737.7555630213795
data\user_data\D1\PXL_20260314_150050400.mp4,D,gzip + AES + KEM,16.0,19.13424478516457
data\user_data\D1\PXL_20260314_150735934.mp4,A,zstd + AES + KEM,16.0,172.51231848030812
data\user_data\D1\PXL_20260314_150735934.mp4,B,raw + AES + KEM,16.0,284.4176459543364
data\user_data\D1\PXL_20260314_150735934.mp4,C,raw + AES,16.0,762.3403858990426
data\user_data\D1\PXL_20260314_150735934.mp4,D,gzip + AES + KEM,16.0,18.33157044648963
data\user_data\D1\PXL_20260315_170224094.mp4,A,zstd + AES + KEM,16.0,180.8279434790961
data\user_data\D1\PXL_20260315_170224094.mp4,B,raw + AES + KEM,16.0,294.46082348183893
data\user_data\D1\PXL_20260315_170224094.mp4,C,raw + AES,16.0,751.7984427030893
data\user_data\D1\PXL_20260315_170224094.mp4,D,gzip + AES + KEM,16.0,19.391386783109237
data\user_data\D1\PXL_20260322_153048866.MP.jpg,A,zstd + AES + KEM,6.363185882568359,99.08170897861353
data\user_data\D1\PXL_20260322_153048866.MP.jpg,B,raw + AES + KEM,6.363185882568359,151.7146590175923
data\user_data\D1\PXL_20260322_153048866.MP.jpg,C,raw + AES,6.363185882568359,731.3754556365338
data\user_data\D1\PXL_20260322_153048866.MP.jpg,D,gzip + AES + KEM,6.363185882568359,17.84378321425707
data\user_data\D1\PXL_20260322_153056438.TS-000.MP.jpg,A,zstd + AES + KEM,6.3701629638671875,89.17425582267383
data\user_data\D1\PXL_20260322_153056438.TS-000.MP.jpg,B,raw + AES + KEM,6.3701629638671875,145.7869999730802
data\user_data\D1\PXL_20260322_153056438.TS-000.MP.jpg,C,raw + AES,6.3701629638671875,733.1717766195438
data\user_data\D1\PXL_20260322_153056438.TS-000.MP.jpg,D,gzip + AES + KEM,6.3701629638671875,16.981006188858117
data\user_data\D1\PXL_20260322_212502356.mp4,A,zstd + AES + KEM,16.0,179.6005235410807
data\user_data\D1\PXL_20260322_212502356.mp4,B,raw + AES + KEM,16.0,291.53775251309196
data\user_data\D1\PXL_20260322_212502356.mp4,C,raw + AES,16.0,764.6100262344905
data\user_data\D1\PXL_20260322_212502356.mp4,D,gzip + AES + KEM,16.0,18.78586706149945
data\user_data\D1\PXL_20260329_183242702.mp4,A,zstd + AES + KEM,16.0,165.05224943472388
data\user_data\D1\PXL_20260329_183242702.mp4,B,raw + AES + KEM,16.0,290.2641767249642
data\user_data\D1\PXL_20260329_183242702.mp4,C,raw + AES,16.0,743.6257338460073
data\user_data\D1\PXL_20260329_183242702.mp4,D,gzip + AES + KEM,16.0,18.749194371257868
data\user_data\D1\PXL_20260330_172754088.mp4,A,zstd + AES + KEM,16.0,173.69403770556235
data\user_data\D1\PXL_20260330_172754088.mp4,B,raw + AES + KEM,16.0,282.99150341911843
data\user_data\D1\PXL_20260330_172754088.mp4,C,raw + AES,16.0,767.4044952947846
data\user_data\D1\PXL_20260330_172754088.mp4,D,gzip + AES + KEM,16.0,19.27788883864141
data\user_data\D1\PXL_20260405_072953716.mp4,A,zstd + AES + KEM,16.0,163.41621598283615
data\user_data\D1\PXL_20260405_072953716.mp4,B,raw + AES + KEM,16.0,282.92244713381984
data\user_data\D1\PXL_20260405_072953716.mp4,C,raw + AES,16.0,769.3565304490237
data\user_data\D1\PXL_20260405_072953716.mp4,D,gzip + AES + KEM,16.0,19.100383856856936
data\user_data\D1\PXL_20260405_100514278.jpg,A,zstd + AES + KEM,6.301202774047852,86.54927661202325
data\user_data\D1\PXL_20260405_100514278.jpg,B,raw + AES + KEM,6.301202774047852,146.00853568401698
data\user_data\D1\PXL_20260405_100514278.jpg,C,raw + AES,6.301202774047852,721.9361131673983
data\user_data\D1\PXL_20260405_100514278.jpg,D,gzip + AES + KEM,6.301202774047852,17.535557754732224
data\user_data\D1\PXL_20260405_100643998.MP.jpg,A,zstd + AES + KEM,6.9878950119018555,103.62600083934808
data\user_data\D1\PXL_20260405_100643998.MP.jpg,B,raw + AES + KEM,6.9878950119018555,164.16226225029467
data\user_data\D1\PXL_20260405_100643998.MP.jpg,C,raw + AES,6.9878950119018555,762.5792524026199
data\user_data\D1\PXL_20260405_100643998.MP.jpg,D,gzip + AES + KEM,6.9878950119018555,17.316104720522606
data\user_data\D1\PXL_20260405_100658032.MP.jpg,A,zstd + AES + KEM,6.779688835144043,96.5621833651763
data\user_data\D1\PXL_20260405_100658032.MP.jpg,B,raw + AES + KEM,6.779688835144043,159.37021979872551
data\user_data\D1\PXL_20260405_100658032.MP.jpg,C,raw + AES,6.779688835144043,748.4917793808451
data\user_data\D1\PXL_20260405_100658032.MP.jpg,D,gzip + AES + KEM,6.779688835144043,17.076974937501245
data\user_data\D1\PXL_20260405_100703078.MP.jpg,A,zstd + AES + KEM,6.8275346755981445,95.04719525650158
data\user_data\D1\PXL_20260405_100703078.MP.jpg,B,raw + AES + KEM,6.8275346755981445,156.31733295257285
data\user_data\D1\PXL_20260405_100703078.MP.jpg,C,raw + AES,6.8275346755981445,754.6071634319142
data\user_data\D1\PXL_20260405_100703078.MP.jpg,D,gzip + AES + KEM,6.8275346755981445,16.0832207349263
data\user_data\D1\PXL_20260405_100737151.MP.jpg,A,zstd + AES + KEM,6.2489519119262695,91.57744661892649
data\user_data\D1\PXL_20260405_100737151.MP.jpg,B,raw + AES + KEM,6.2489519119262695,150.63087369293387
data\user_data\D1\PXL_20260405_100737151.MP.jpg,C,raw + AES,6.2489519119262695,757.9080517199175
data\user_data\D1\PXL_20260405_100737151.MP.jpg,D,gzip + AES + KEM,6.2489519119262695,17.74161074822494
data\user_data\D1\PXL_20260405_100812801.jpg,A,zstd + AES + KEM,6.164623260498047,92.61085823895259
data\user_data\D1\PXL_20260405_100812801.jpg,B,raw + AES + KEM,6.164623260498047,144.81110576041868
data\user_data\D1\PXL_20260405_100812801.jpg,C,raw + AES,6.164623260498047,757.7715668999724
data\user_data\D1\PXL_20260405_100812801.jpg,D,gzip + AES + KEM,6.164623260498047,17.150670433554094
data\user_data\D1\PXL_20260405_100828429.MP.jpg,A,zstd + AES + KEM,6.417702674865723,98.71201880358562
data\user_data\D1\PXL_20260405_100828429.MP.jpg,B,raw + AES + KEM,6.417702674865723,160.56459604333156
data\user_data\D1\PXL_20260405_100828429.MP.jpg,C,raw + AES,6.417702674865723,764.8043434861456
data\user_data\D1\PXL_20260405_100828429.MP.jpg,D,gzip + AES + KEM,6.417702674865723,17.626417110557746
data\user_data\D1\PXL_20260405_100830981.MP.jpg,A,zstd + AES + KEM,6.645846366882324,98.19048686981236
data\user_data\D1\PXL_20260405_100830981.MP.jpg,B,raw + AES + KEM,6.645846366882324,164.7776805121279
data\user_data\D1\PXL_20260405_100830981.MP.jpg,C,raw + AES,6.645846366882324,792.9468804948838
data\user_data\D1\PXL_20260405_100830981.MP.jpg,D,gzip + AES + KEM,6.645846366882324,17.006039680992885
data\user_data\D1\PXL_20260405_100843422.MP.jpg,A,zstd + AES + KEM,6.2457475662231445,92.30409802899949
data\user_data\D1\PXL_20260405_100843422.MP.jpg,B,raw + AES + KEM,6.2457475662231445,136.66664269697318
data\user_data\D1\PXL_20260405_100843422.MP.jpg,C,raw + AES,6.2457475662231445,716.3458216157
data\user_data\D1\PXL_20260405_100843422.MP.jpg,D,gzip + AES + KEM,6.2457475662231445,17.44955618905995
data\user_data\D1\PXL_20260405_100902851.TS-000.MP.jpg,A,zstd + AES + KEM,6.679649353027344,96.85676561411967
data\user_data\D1\PXL_20260405_100902851.TS-000.MP.jpg,B,raw + AES + KEM,6.679649353027344,161.61823567495173
data\user_data\D1\PXL_20260405_100902851.TS-000.MP.jpg,C,raw + AES,6.679649353027344,759.206355327595
data\user_data\D1\PXL_20260405_100902851.TS-000.MP.jpg,D,gzip + AES + KEM,6.679649353027344,17.645467447006023
data\user_data\D1\PXL_20260405_110024188.mp4,A,zstd + AES + KEM,16.0,158.66845438796494
data\user_data\D1\PXL_20260405_110024188.mp4,B,raw + AES + KEM,16.0,298.2503887283115
data\user_data\D1\PXL_20260405_110024188.mp4,C,raw + AES,16.0,767.165323488238
data\user_data\D1\PXL_20260405_110024188.mp4,D,gzip + AES + KEM,16.0,19.161385210040724
data\user_data\D1\PXL_20260405_110559809.mp4,A,zstd + AES + KEM,16.0,158.89819994559812
data\user_data\D1\PXL_20260405_110559809.mp4,B,raw + AES + KEM,16.0,277.65533939475205
data\user_data\D1\PXL_20260405_110559809.mp4,C,raw + AES,16.0,736.3329687035854
data\user_data\D1\PXL_20260405_110559809.mp4,D,gzip + AES + KEM,16.0,18.92288569176023
data\user_data\D1\PXL_20260405_142459483.mp4,A,zstd + AES + KEM,16.0,168.12055917771465
data\user_data\D1\PXL_20260405_142459483.mp4,B,raw + AES + KEM,16.0,294.97491832285885
data\user_data\D1\PXL_20260405_142459483.mp4,C,raw + AES,16.0,761.9882159931478
data\user_data\D1\PXL_20260405_142459483.mp4,D,gzip + AES + KEM,16.0,19.34655791276681
data\user_data\D1\PXL_20260405_142548278.mp4,A,zstd + AES + KEM,16.0,156.33182998254205
data\user_data\D1\PXL_20260405_142548278.mp4,B,raw + AES + KEM,16.0,281.38497702687806
data\user_data\D1\PXL_20260405_142548278.mp4,C,raw + AES,16.0,732.9531126392965
data\user_data\D1\PXL_20260405_142548278.mp4,D,gzip + AES + KEM,16.0,19.042418651851143
data\user_data\D1\PXL_20260405_142812330.mp4,A,zstd + AES + KEM,16.0,162.44182552532573
data\user_data\D1\PXL_20260405_142812330.mp4,B,raw + AES + KEM,16.0,279.4335182992369
data\user_data\D1\PXL_20260405_142812330.mp4,C,raw + AES,16.0,741.6437603196327
data\user_data\D1\PXL_20260405_142812330.mp4,D,gzip + AES + KEM,16.0,19.518141014950363
data\user_data\D1\PXL_20260405_143125404.jpg,A,zstd + AES + KEM,6.174304962158203,86.45512250290594
data\user_data\D1\PXL_20260405_143125404.jpg,B,raw + AES + KEM,6.174304962158203,130.2054833797339
data\user_data\D1\PXL_20260405_143125404.jpg,C,raw + AES,6.174304962158203,716.4179695181048
data\user_data\D1\PXL_20260405_143125404.jpg,D,gzip + AES + KEM,6.174304962158203,15.632101601094854
data\user_data\D1\PXL_20260405_143129513.MP.jpg,A,zstd + AES + KEM,6.417737007141113,86.39658452409527
data\user_data\D1\PXL_20260405_143129513.MP.jpg,B,raw + AES + KEM,6.417737007141113,129.37733876373593
data\user_data\D1\PXL_20260405_143129513.MP.jpg,C,raw + AES,6.417737007141113,587.3391105773758
data\user_data\D1\PXL_20260405_143129513.MP.jpg,D,gzip + AES + KEM,6.417737007141113,14.283326229505448
data\user_data\D1\PXL_20260405_143232056.mp4,A,zstd + AES + KEM,16.0,143.74722046227978
data\user_data\D1\PXL_20260405_143232056.mp4,B,raw + AES + KEM,16.0,256.89564084376127
data\user_data\D1\PXL_20260405_143232056.mp4,C,raw + AES,16.0,667.7071758959838
data\user_data\D1\PXL_20260405_143232056.mp4,D,gzip + AES + KEM,16.0,18.286677732429776
data\user_data\D1\PXL_20260405_143739366.mp4,A,zstd + AES + KEM,16.0,156.13290035978082
data\user_data\D1\PXL_20260405_143739366.mp4,B,raw + AES + KEM,16.0,264.49078897318844
data\user_data\D1\PXL_20260405_143739366.mp4,C,raw + AES,16.0,766.7756133750898
data\user_data\D1\PXL_20260405_143739366.mp4,D,gzip + AES + KEM,16.0,19.624718952472616
data\user_data\D1\PXL_20260405_144509384.mp4,A,zstd + AES + KEM,16.0,169.35607655714466
data\user_data\D1\PXL_20260405_144509384.mp4,B,raw + AES + KEM,16.0,280.76529605592447
data\user_data\D1\PXL_20260405_144509384.mp4,C,raw + AES,16.0,752.509148851303
data\user_data\D1\PXL_20260405_144509384.mp4,D,gzip + AES + KEM,16.0,19.34175650796795
data\user_data\D1\PXL_20260405_145838160.mp4,A,zstd + AES + KEM,16.0,166.39246564529657
data\user_data\D1\PXL_20260405_145838160.mp4,B,raw + AES + KEM,16.0,243.57420769105596
data\user_data\D1\PXL_20260405_145838160.mp4,C,raw + AES,16.0,685.782863884178
data\user_data\D1\PXL_20260405_145838160.mp4,D,gzip + AES + KEM,16.0,19.23186951603535
data\user_data\D1\PXL_20260405_151013056.PORTRAIT.jpg,A,zstd + AES + KEM,6.077066421508789,70.83488457577305
data\user_data\D1\PXL_20260405_151013056.PORTRAIT.jpg,B,raw + AES + KEM,6.077066421508789,144.70032605290595
data\user_data\D1\PXL_20260405_151013056.PORTRAIT.jpg,C,raw + AES,6.077066421508789,722.1792807717834
data\user_data\D1\PXL_20260405_151013056.PORTRAIT.jpg,D,gzip + AES + KEM,6.077066421508789,14.459246097945403
data\user_data\D1\PXL_20260405_151054883.jpg,A,zstd + AES + KEM,6.117476463317871,92.37398602177106
data\user_data\D1\PXL_20260405_151054883.jpg,B,raw + AES + KEM,6.117476463317871,140.44760804706686
data\user_data\D1\PXL_20260405_151054883.jpg,C,raw + AES,6.117476463317871,727.4829008359667
data\user_data\D1\PXL_20260405_151054883.jpg,D,gzip + AES + KEM,6.117476463317871,17.32172769804879
data\user_data\D1\PXL_20260405_151106866.jpg,A,zstd + AES + KEM,6.174990653991699,94.74506487947161
data\user_data\D1\PXL_20260405_151106866.jpg,B,raw + AES + KEM,6.174990653991699,149.8402264970038
data\user_data\D1\PXL_20260405_151106866.jpg,C,raw + AES,6.174990653991699,740.6818687091012
data\user_data\D1\PXL_20260405_151106866.jpg,D,gzip + AES + KEM,6.174990653991699,16.721508752681608
data\user_data\D1\PXL_20260405_151814354.mp4,A,zstd + AES + KEM,16.0,177.7925936594962
data\user_data\D1\PXL_20260405_151814354.mp4,B,raw + AES + KEM,16.0,300.7490532826279
data\user_data\D1\PXL_20260405_151814354.mp4,C,raw + AES,16.0,741.434118978333
data\user_data\D1\PXL_20260405_151814354.mp4,D,gzip + AES + KEM,16.0,19.511329009461473
data\user_data\D1\PXL_20260407_061637746.mp4,A,zstd + AES + KEM,16.0,164.21962317265857
data\user_data\D1\PXL_20260407_061637746.mp4,B,raw + AES + KEM,16.0,306.1708738846682
data\user_data\D1\PXL_20260407_061637746.mp4,C,raw + AES,16.0,752.6790674499309
data\user_data\D1\PXL_20260407_061637746.mp4,D,gzip + AES + KEM,16.0,19.41903113633182
data\user_data\D1\PXL_20260409_165052701.mp4,A,zstd + AES + KEM,16.0,162.2107706583696
data\user_data\D1\PXL_20260409_165052701.mp4,B,raw + AES + KEM,16.0,282.1640572749357
data\user_data\D1\PXL_20260409_165052701.mp4,C,raw + AES,16.0,741.3963290536376
data\user_data\D1\PXL_20260409_165052701.mp4,D,gzip + AES + KEM,16.0,19.402801182531977
data\user_data\D1\PXL_20260409_165310236.mp4,A,zstd + AES + KEM,16.0,177.84753366812473
data\user_data\D1\PXL_20260409_165310236.mp4,B,raw + AES + KEM,16.0,299.0939323224143
data\user_data\D1\PXL_20260409_165310236.mp4,C,raw + AES,16.0,730.020257828663
data\user_data\D1\PXL_20260409_165310236.mp4,D,gzip + AES + KEM,16.0,18.795912689132653
data\user_data\D1\PXL_20260411_083333686.jpg,A,zstd + AES + KEM,6.626304626464844,93.83520864562782
data\user_data\D1\PXL_20260411_083333686.jpg,B,raw + AES + KEM,6.626304626464844,130.56011822478274
data\user_data\D1\PXL_20260411_083333686.jpg,C,raw + AES,6.626304626464844,620.0109122398684
data\user_data\D1\PXL_20260411_083333686.jpg,D,gzip + AES + KEM,6.626304626464844,16.894623867446107
data\user_data\D1\PXL_20260411_083345374.mp4,A,zstd + AES + KEM,16.0,164.13303381047834
data\user_data\D1\PXL_20260411_083345374.mp4,B,raw + AES + KEM,16.0,294.42018542338445
data\user_data\D1\PXL_20260411_083345374.mp4,C,raw + AES,16.0,741.2451998735926
data\user_data\D1\PXL_20260411_083345374.mp4,D,gzip + AES + KEM,16.0,19.490024030999024
data\user_data\D1\PXL_20260411_084821653.mp4,A,zstd + AES + KEM,16.0,166.80810597031189
data\user_data\D1\PXL_20260411_084821653.mp4,B,raw + AES + KEM,16.0,289.4712085860923
data\user_data\D1\PXL_20260411_084821653.mp4,C,raw + AES,16.0,761.5747454926542
data\user_data\D1\PXL_20260411_084821653.mp4,D,gzip + AES + KEM,16.0,19.20862159851822
data\user_data\D1\PXL_20260417_161917485.mp4,A,zstd + AES + KEM,16.0,169.75352848932516
data\user_data\D1\PXL_20260417_161917485.mp4,B,raw + AES + KEM,16.0,301.26039830189546
data\user_data\D1\PXL_20260417_161917485.mp4,C,raw + AES,16.0,757.8412872788801
data\user_data\D1\PXL_20260417_161917485.mp4,D,gzip + AES + KEM,16.0,19.353557315001026
data\user_data\D1\PXL_20260417_162219190.jpg,A,zstd + AES + KEM,6.162629127502441,94.94259859616777
data\user_data\D1\PXL_20260417_162219190.jpg,B,raw + AES + KEM,6.162629127502441,140.0826755244329
data\user_data\D1\PXL_20260417_162219190.jpg,C,raw + AES,6.162629127502441,757.2751081343251
data\user_data\D1\PXL_20260417_162219190.jpg,D,gzip + AES + KEM,6.162629127502441,17.722327155294714
data\user_data\D1\PXL_20260417_162951211.jpg,A,zstd + AES + KEM,6.536260604858398,100.39829943288487
data\user_data\D1\PXL_20260417_162951211.jpg,B,raw + AES + KEM,6.536260604858398,156.02571868739406
data\user_data\D1\PXL_20260417_162951211.jpg,C,raw + AES,6.536260604858398,757.6955408917099
data\user_data\D1\PXL_20260417_162951211.jpg,D,gzip + AES + KEM,6.536260604858398,16.782776986857243
data\user_data\D1\PXL_20260417_162958034.TS-000.MP.jpg,A,zstd + AES + KEM,7.52950382232666,102.35825333958307
data\user_data\D1\PXL_20260417_162958034.TS-000.MP.jpg,B,raw + AES + KEM,7.52950382232666,161.52118407259928
data\user_data\D1\PXL_20260417_162958034.TS-000.MP.jpg,C,raw + AES,7.52950382232666,688.6447355595272
data\user_data\D1\PXL_20260417_162958034.TS-000.MP.jpg,D,gzip + AES + KEM,7.52950382232666,17.19385516112607
data\user_data\D1\PXL_20260417_163007624.MP.jpg,A,zstd + AES + KEM,10.574616432189941,131.34211583638577
data\user_data\D1\PXL_20260417_163007624.MP.jpg,B,raw + AES + KEM,10.574616432189941,209.24959154493396
data\user_data\D1\PXL_20260417_163007624.MP.jpg,C,raw + AES,10.574616432189941,735.2674464785274
data\user_data\D1\PXL_20260417_163007624.MP.jpg,D,gzip + AES + KEM,10.574616432189941,17.42305474667133
data\user_data\D1\PXL_20260417_163011369.MP.jpg,A,zstd + AES + KEM,8.171221733093262,101.44763800877776
data\user_data\D1\PXL_20260417_163011369.MP.jpg,B,raw + AES + KEM,8.171221733093262,175.93632222611686
data\user_data\D1\PXL_20260417_163011369.MP.jpg,C,raw + AES,8.171221733093262,711.2213191199571
data\user_data\D1\PXL_20260417_163011369.MP.jpg,D,gzip + AES + KEM,8.171221733093262,16.927091671109164
data\user_data\D1\PXL_20260417_163029606.MP.jpg,A,zstd + AES + KEM,9.35673999786377,117.42778671210785
data\user_data\D1\PXL_20260417_163029606.MP.jpg,B,raw + AES + KEM,9.35673999786377,174.51948438541115
data\user_data\D1\PXL_20260417_163029606.MP.jpg,C,raw + AES,9.35673999786377,717.7065291797278
data\user_data\D1\PXL_20260417_163029606.MP.jpg,D,gzip + AES + KEM,9.35673999786377,17.675049620857266
data\user_data\D1\PXL_20260417_163031383.MP.jpg,A,zstd + AES + KEM,9.988537788391113,125.20887232228853
data\user_data\D1\PXL_20260417_163031383.MP.jpg,B,raw + AES + KEM,9.988537788391113,216.18105995668617
data\user_data\D1\PXL_20260417_163031383.MP.jpg,C,raw + AES,9.988537788391113,736.1563761197714
data\user_data\D1\PXL_20260417_163031383.MP.jpg,D,gzip + AES + KEM,9.988537788391113,18.558518125542633
data\user_data\D1\PXL_20260417_163039664.jpg,A,zstd + AES + KEM,6.184026718139648,94.24872955625008
data\user_data\D1\PXL_20260417_163039664.jpg,B,raw + AES + KEM,6.184026718139648,151.71430350786503
data\user_data\D1\PXL_20260417_163039664.jpg,C,raw + AES,6.184026718139648,715.0238467743001
data\user_data\D1\PXL_20260417_163039664.jpg,D,gzip + AES + KEM,6.184026718139648,17.122280682731134
data\user_data\D1\PXL_20260417_163048048.jpg,A,zstd + AES + KEM,6.361530303955078,96.37981339009174
data\user_data\D1\PXL_20260417_163048048.jpg,B,raw + AES + KEM,6.361530303955078,150.29165875221625
data\user_data\D1\PXL_20260417_163048048.jpg,C,raw + AES,6.361530303955078,748.6443290377549
data\user_data\D1\PXL_20260417_163048048.jpg,D,gzip + AES + KEM,6.361530303955078,17.153778732943458
data\user_data\D1\PXL_20260417_163051016.MP.jpg,A,zstd + AES + KEM,8.288802146911621,116.59556659998168
data\user_data\D1\PXL_20260417_163051016.MP.jpg,B,raw + AES + KEM,8.288802146911621,176.9312012276196
data\user_data\D1\PXL_20260417_163051016.MP.jpg,C,raw + AES,8.288802146911621,752.4125289043019
data\user_data\D1\PXL_20260417_163051016.MP.jpg,D,gzip + AES + KEM,8.288802146911621,17.738117055164444
data\user_data\D1\PXL_20260417_163052284.jpg,A,zstd + AES + KEM,6.055643081665039,88.9310329414644
data\user_data\D1\PXL_20260417_163052284.jpg,B,raw + AES + KEM,6.055643081665039,148.78474050085939
data\user_data\D1\PXL_20260417_163052284.jpg,C,raw + AES,6.055643081665039,707.699503058079
data\user_data\D1\PXL_20260417_163052284.jpg,D,gzip + AES + KEM,6.055643081665039,17.184511354669212
data\user_data\D1\PXL_20260417_163115707.MP.jpg,A,zstd + AES + KEM,6.996213912963867,102.98500032543846
data\user_data\D1\PXL_20260417_163115707.MP.jpg,B,raw + AES + KEM,6.996213912963867,159.95952930758935
data\user_data\D1\PXL_20260417_163115707.MP.jpg,C,raw + AES,6.996213912963867,739.7451683428685
data\user_data\D1\PXL_20260417_163115707.MP.jpg,D,gzip + AES + KEM,6.996213912963867,17.532217632397316
data\user_data\D1\PXL_20260417_163118596.MP.jpg,A,zstd + AES + KEM,7.696327209472656,111.48587742867338
data\user_data\D1\PXL_20260417_163118596.MP.jpg,B,raw + AES + KEM,7.696327209472656,177.72867972065248
data\user_data\D1\PXL_20260417_163118596.MP.jpg,C,raw + AES,7.696327209472656,743.7789615105528
data\user_data\D1\PXL_20260417_163118596.MP.jpg,D,gzip + AES + KEM,7.696327209472656,17.297002501827606
data\user_data\D1\PXL_20260418_094113182.mp4,A,zstd + AES + KEM,16.0,157.5437355678461
data\user_data\D1\PXL_20260418_094113182.mp4,B,raw + AES + KEM,16.0,236.7490798406677
data\user_data\D1\PXL_20260418_094113182.mp4,C,raw + AES,16.0,717.347250296079
data\user_data\D1\PXL_20260418_094113182.mp4,D,gzip + AES + KEM,16.0,19.712760437012175
data\user_data\D1\PXL_20260419_135036961.MP.jpg,A,zstd + AES + KEM,7.027311325073242,101.39615657331424
data\user_data\D1\PXL_20260419_135036961.MP.jpg,B,raw + AES + KEM,7.027311325073242,166.8382693636154
data\user_data\D1\PXL_20260419_135036961.MP.jpg,C,raw + AES,7.027311325073242,744.1978346895652
data\user_data\D1\PXL_20260419_135036961.MP.jpg,D,gzip + AES + KEM,7.027311325073242,17.959889205701828
data\user_data\D1\PXL_20260419_135041820.mp4,A,zstd + AES + KEM,16.0,164.19956815268378
data\user_data\D1\PXL_20260419_135041820.mp4,B,raw + AES + KEM,16.0,293.750997894849
data\user_data\D1\PXL_20260419_135041820.mp4,C,raw + AES,16.0,743.1283836186827
data\user_data\D1\PXL_20260419_135041820.mp4,D,gzip + AES + KEM,16.0,19.190563616142622
data\user_data\D1\PXL_20260419_135135853.mp4,A,zstd + AES + KEM,16.0,161.3300044860565
data\user_data\D1\PXL_20260419_135135853.mp4,B,raw + AES + KEM,16.0,289.1437370243354
data\user_data\D1\PXL_20260419_135135853.mp4,C,raw + AES,16.0,764.964620072397
data\user_data\D1\PXL_20260419_135135853.mp4,D,gzip + AES + KEM,16.0,19.2909374800294
data\user_data\D1\PXL_20260424_155744505.mp4,A,zstd + AES + KEM,16.0,160.9419935789698
data\user_data\D1\PXL_20260424_155744505.mp4,B,raw + AES + KEM,16.0,284.5977479306815
data\user_data\D1\PXL_20260424_155744505.mp4,C,raw + AES,16.0,750.8176879987319
data\user_data\D1\PXL_20260424_155744505.mp4,D,gzip + AES + KEM,16.0,18.75429517303645
data\user_data\D1\PXL_20260425_074407653.mp4,A,zstd + AES + KEM,16.0,166.74795627373288
data\user_data\D1\PXL_20260425_074407653.mp4,B,raw + AES + KEM,16.0,290.04002538933145
data\user_data\D1\PXL_20260425_074407653.mp4,C,raw + AES,16.0,736.4583715798678
data\user_data\D1\PXL_20260425_074407653.mp4,D,gzip + AES + KEM,16.0,19.551390889177046
data\user_data\D1\PXL_20260425_175428623.mp4,A,zstd + AES + KEM,16.0,163.59065115731053
data\user_data\D1\PXL_20260425_175428623.mp4,B,raw + AES + KEM,16.0,282.75245392614846
data\user_data\D1\PXL_20260425_175428623.mp4,C,raw + AES,16.0,754.6137563313861
data\user_data\D1\PXL_20260425_175428623.mp4,D,gzip + AES + KEM,16.0,18.97129571747452
data\user_data\D1\PXL_20260425_181856678.mp4,A,zstd + AES + KEM,16.0,164.27037265234125
data\user_data\D1\PXL_20260425_181856678.mp4,B,raw + AES + KEM,16.0,279.7016980898963
data\user_data\D1\PXL_20260425_181856678.mp4,C,raw + AES,16.0,735.1556000956405
data\user_data\D1\PXL_20260425_181856678.mp4,D,gzip + AES + KEM,16.0,19.529028192089648
data\user_data\D1\PXL_20260425_181909357.mp4,A,zstd + AES + KEM,16.0,149.8508983895799
data\user_data\D1\PXL_20260425_181909357.mp4,B,raw + AES + KEM,16.0,263.373618498295
data\user_data\D1\PXL_20260425_181909357.mp4,C,raw + AES,16.0,713.3112796054266
data\user_data\D1\PXL_20260425_181909357.mp4,D,gzip + AES + KEM,16.0,18.35581251281143
data\user_data\D1\PXL_20260425_182325962.mp4,A,zstd + AES + KEM,16.0,166.87038749644847
data\user_data\D1\PXL_20260425_182325962.mp4,B,raw + AES + KEM,16.0,286.61148178592896
data\user_data\D1\PXL_20260425_182325962.mp4,C,raw + AES,16.0,759.1969595543219
data\user_data\D1\PXL_20260425_182325962.mp4,D,gzip + AES + KEM,16.0,18.853675329825293
data\user_data\D1\PXL_20260428_091534530.mp4,A,zstd + AES + KEM,7.941771507263184,116.09249514773641
data\user_data\D1\PXL_20260428_091534530.mp4,B,raw + AES + KEM,7.941771507263184,178.81918993014162
data\user_data\D1\PXL_20260428_091534530.mp4,C,raw + AES,7.941771507263184,676.2753119557685
data\user_data\D1\PXL_20260428_091534530.mp4,D,gzip + AES + KEM,7.941771507263184,17.532893903319206
data\user_data\D1\sample_config.json,A,zstd + AES + KEM,0.0003261566162109375,0.007715775117734004
data\user_data\D1\sample_config.json,B,raw + AES + KEM,0.0003261566162109375,0.0089403781267547
data\user_data\D1\sample_config.json,C,raw + AES,0.0003261566162109375,21.743777600136593
data\user_data\D1\sample_config.json,D,gzip + AES + KEM,0.0003261566162109375,0.009061944938834837
data\user_data\D1\sample_stream.ndjson,A,zstd + AES + KEM,0.000698089599609375,0.019095973686721543
data\user_data\D1\sample_stream.ndjson,B,raw + AES + KEM,0.000698089599609375,0.02003425476614606
data\user_data\D1\sample_stream.ndjson,C,raw + AES,0.000698089599609375,42.82756256427837
data\user_data\D1\sample_stream.ndjson,D,gzip + AES + KEM,0.000698089599609375,0.019166701446311427
data\user_data\D1\VID_20231118_173324.mp4,A,zstd + AES + KEM,6.558999061584473,80.4886882741109
data\user_data\D1\VID_20231118_173324.mp4,B,raw + AES + KEM,6.558999061584473,137.71453588924697
data\user_data\D1\VID_20231118_173324.mp4,C,raw + AES,6.558999061584473,695.0963942888922
data\user_data\D1\VID_20231118_173324.mp4,D,gzip + AES + KEM,6.558999061584473,15.912697434386489
data\user_data\D1\VID_20240217_152042.mp4,A,zstd + AES + KEM,6.325420379638672,88.18903657001957
data\user_data\D1\VID_20240217_152042.mp4,B,raw + AES + KEM,6.325420379638672,157.4694141500324
data\user_data\D1\VID_20240217_152042.mp4,C,raw + AES,6.325420379638672,749.8483044852144
data\user_data\D1\VID_20240217_152042.mp4,D,gzip + AES + KEM,6.325420379638672,14.906297769975994
data\user_data\D1\VID_20240904_164931.mp4,A,zstd + AES + KEM,9.02902889251709,91.19816670805082
data\user_data\D1\VID_20240904_164931.mp4,B,raw + AES + KEM,9.02902889251709,200.42906874657803
data\user_data\D1\VID_20240904_164931.mp4,C,raw + AES,9.02902889251709,717.6090553265018
data\user_data\D1\VID_20240904_164931.mp4,D,gzip + AES + KEM,9.02902889251709,15.350442374102197
data\user_data\D1\VID_20250115_183009~2.mp4,A,zstd + AES + KEM,6.944969177246094,86.84815670459534
data\user_data\D1\VID_20250115_183009~2.mp4,B,raw + AES + KEM,6.944969177246094,141.38205222672357
data\user_data\D1\VID_20250115_183009~2.mp4,C,raw + AES,6.944969177246094,547.1754093389405
data\user_data\D1\VID_20250115_183009~2.mp4,D,gzip + AES + KEM,6.944969177246094,14.471456467465686
data\user_data\D1\VID_20250618_101940.mp4,A,zstd + AES + KEM,7.730243682861328,98.20360008916461
data\user_data\D1\VID_20250618_101940.mp4,B,raw + AES + KEM,7.730243682861328,178.11252042496656
data\user_data\D1\VID_20250618_101940.mp4,C,raw + AES,7.730243682861328,762.5996355186437
data\user_data\D1\VID_20250618_101940.mp4,D,gzip + AES + KEM,7.730243682861328,14.857296006039325
data\user_data\D1\VID_20250726_163139.mp4,A,zstd + AES + KEM,6.631858825683594,93.61333466340727
data\user_data\D1\VID_20250726_163139.mp4,B,raw + AES + KEM,6.631858825683594,151.97927479342007
data\user_data\D1\VID_20250726_163139.mp4,C,raw + AES,6.631858825683594,761.5998094103187
data\user_data\D1\VID_20250726_163139.mp4,D,gzip + AES + KEM,6.631858825683594,16.599520841134563
data\user_data\D1\VID_20250904_214933.mp4,A,zstd + AES + KEM,8.964494705200195,128.52285300819733
data\user_data\D1\VID_20250904_214933.mp4,B,raw + AES + KEM,8.964494705200195,189.09603644862798
data\user_data\D1\VID_20250904_214933.mp4,C,raw + AES,8.964494705200195,706.7672696796704
data\user_data\D1\VID_20250904_214933.mp4,D,gzip + AES + KEM,8.964494705200195,18.474790138358287
data\user_data\D1\VID_20250928_135549.mp4,A,zstd + AES + KEM,6.370865821838379,95.6223210065436
data\user_data\D1\VID_20250928_135549.mp4,B,raw + AES + KEM,6.370865821838379,147.98174806384424
data\user_data\D1\VID_20250928_135549.mp4,C,raw + AES,6.370865821838379,732.8730998124727
data\user_data\D1\VID_20250928_135549.mp4,D,gzip + AES + KEM,6.370865821838379,17.390657989791528
data\user_data\D1\VID_20251005_181221.mp4,A,zstd + AES + KEM,7.043639183044434,105.06527661070466
data\user_data\D1\VID_20251005_181221.mp4,B,raw + AES + KEM,7.043639183044434,165.8552247266631
data\user_data\D1\VID_20251005_181221.mp4,C,raw + AES,7.043639183044434,759.05374073498
data\user_data\D1\VID_20251005_181221.mp4,D,gzip + AES + KEM,7.043639183044434,18.5774424983415
